branchName, type_Run2, type_Run3
Electron_cutBased, ROOT::VecOps::RVec<Int_t>, ROOT::VecOps::RVec<UChar_t>
Electron_genPartIdx, ROOT::VecOps::RVec<Int_t>, ROOT::VecOps::RVec<Short_t>
Electron_jetIdx, ROOT::VecOps::RVec<Int_t>, ROOT::VecOps::RVec<Short_t>
Electron_photonIdx, ROOT::VecOps::RVec<Int_t>, ROOT::VecOps::RVec<Short_t>
Electron_tightCharge, ROOT::VecOps::RVec<Int_t>, ROOT::VecOps::RVec<UChar_t>
FatJet_electronIdx3SJ, ROOT::VecOps::RVec<Int_t>, ROOT::VecOps::RVec<Short_t>
FatJet_genJetAK8Idx, ROOT::VecOps::RVec<Int_t>, ROOT::VecOps::RVec<Short_t>
FatJet_hadronFlavour, ROOT::VecOps::RVec<Int_t>, ROOT::VecOps::RVec<UChar_t>
FatJet_jetId, ROOT::VecOps::RVec<Int_t>, ROOT::VecOps::RVec<UChar_t>
FatJet_muonIdx3SJ, ROOT::VecOps::RVec<Int_t>, ROOT::VecOps::RVec<Short_t>
FatJet_subJetIdx1, ROOT::VecOps::RVec<Int_t>, ROOT::VecOps::RVec<Short_t>
FatJet_subJetIdx2, ROOT::VecOps::RVec<Int_t>, ROOT::VecOps::RVec<Short_t>
FsrPhoton_muonIdx, ROOT::VecOps::RVec<Int_t>, ROOT::VecOps::RVec<Short_t>
GenJetAK8_partonFlavour, ROOT::VecOps::RVec<Int_t>, ROOT::VecOps::RVec<Short_t>
GenJet_partonFlavour, ROOT::VecOps::RVec<Int_t>, ROOT::VecOps::RVec<Short_t>
GenPart_genPartIdxMother, ROOT::VecOps::RVec<Int_t>, ROOT::VecOps::RVec<Short_t>
GenPart_statusFlags, ROOT::VecOps::RVec<Int_t>, ROOT::VecOps::RVec<UShort_t>
GenVisTau_charge, ROOT::VecOps::RVec<Int_t>, ROOT::VecOps::RVec<Short_t>
GenVisTau_genPartIdxMother, ROOT::VecOps::RVec<Int_t>, ROOT::VecOps::RVec<Short_t>
GenVisTau_status, ROOT::VecOps::RVec<Int_t>, ROOT::VecOps::RVec<UChar_t>
IsoTrack_charge, ROOT::VecOps::RVec<Int_t>, ROOT::VecOps::RVec<Short_t>
IsoTrack_fromPV, ROOT::VecOps::RVec<Int_t>, ROOT::VecOps::RVec<Short_t>
Jet_electronIdx1, ROOT::VecOps::RVec<Int_t>, ROOT::VecOps::RVec<Short_t>
Jet_electronIdx2, ROOT::VecOps::RVec<Int_t>, ROOT::VecOps::RVec<Short_t>
Jet_genJetIdx, ROOT::VecOps::RVec<Int_t>, ROOT::VecOps::RVec<Short_t>
Jet_hadronFlavour, ROOT::VecOps::RVec<Int_t>, ROOT::VecOps::RVec<UChar_t>
Jet_jetId, ROOT::VecOps::RVec<Int_t>, ROOT::VecOps::RVec<UChar_t>
Jet_muonIdx1, ROOT::VecOps::RVec<Int_t>, ROOT::VecOps::RVec<Short_t>
Jet_muonIdx2, ROOT::VecOps::RVec<Int_t>, ROOT::VecOps::RVec<Short_t>
Jet_nElectrons, ROOT::VecOps::RVec<Int_t>, ROOT::VecOps::RVec<UChar_t>
Jet_nMuons, ROOT::VecOps::RVec<Int_t>, ROOT::VecOps::RVec<UChar_t>
Jet_partonFlavour, ROOT::VecOps::RVec<Int_t>, ROOT::VecOps::RVec<Short_t>
LowPtElectron_convWP, ROOT::VecOps::RVec<Int_t>, ROOT::VecOps::RVec<UChar_t>
LowPtElectron_genPartIdx, ROOT::VecOps::RVec<Int_t>, ROOT::VecOps::RVec<Short_t>
Muon_fsrPhotonIdx, ROOT::VecOps::RVec<Int_t>, ROOT::VecOps::RVec<Short_t>
Muon_genPartIdx, ROOT::VecOps::RVec<Int_t>, ROOT::VecOps::RVec<Short_t>
Muon_jetIdx, ROOT::VecOps::RVec<Int_t>, ROOT::VecOps::RVec<Short_t>
Muon_nStations, ROOT::VecOps::RVec<Int_t>, ROOT::VecOps::RVec<UChar_t>
Muon_nTrackerLayers, ROOT::VecOps::RVec<Int_t>, ROOT::VecOps::RVec<UChar_t>
Muon_tightCharge, ROOT::VecOps::RVec<Int_t>, ROOT::VecOps::RVec<UChar_t>
PV_npvs, Int_t, UChar_t
PV_npvsGood, Int_t, UChar_t
Photon_cutBased, ROOT::VecOps::RVec<Int_t>, ROOT::VecOps::RVec<UChar_t>
Photon_electronIdx, ROOT::VecOps::RVec<Int_t>, ROOT::VecOps::RVec<Short_t>
Photon_genPartIdx, ROOT::VecOps::RVec<Int_t>, ROOT::VecOps::RVec<Short_t>
Photon_jetIdx, ROOT::VecOps::RVec<Int_t>, ROOT::VecOps::RVec<Short_t>
SV_charge, ROOT::VecOps::RVec<Int_t>, ROOT::VecOps::RVec<Short_t>
SubJet_hadronFlavour, ROOT::VecOps::RVec<Int_t>, ROOT::VecOps::RVec<UChar_t>
Tau_charge, ROOT::VecOps::RVec<Int_t>, ROOT::VecOps::RVec<Short_t>
Tau_decayMode, ROOT::VecOps::RVec<Int_t>, ROOT::VecOps::RVec<UChar_t>
Tau_genPartIdx, ROOT::VecOps::RVec<Int_t>, ROOT::VecOps::RVec<Short_t>
Tau_jetIdx, ROOT::VecOps::RVec<Int_t>, ROOT::VecOps::RVec<Short_t>
TrigObj_id, ROOT::VecOps::RVec<Int_t>, ROOT::VecOps::RVec<UShort_t>
TrigObj_l1charge, ROOT::VecOps::RVec<Int_t>, ROOT::VecOps::RVec<Short_t>
boostedTau_genPartIdx, ROOT::VecOps::RVec<Int_t>, ROOT::VecOps::RVec<Short_t>
boostedTau_jetIdx, ROOT::VecOps::RVec<Int_t>, ROOT::VecOps::RVec<Short_t>
boostedTau_rawAntiEleCat2018, ROOT::VecOps::RVec<Int_t>, ROOT::VecOps::RVec<Short_t>
nCorrT1METJet, UInt_t, Int_t
nElectron, UInt_t, Int_t
nFatJet, UInt_t, Int_t
nFsrPhoton, UInt_t, Int_t
nGenDressedLepton, UInt_t, Int_t
nGenIsolatedPhoton, UInt_t, Int_t
nGenJet, UInt_t, Int_t
nGenJetAK8, UInt_t, Int_t
nGenPart, UInt_t, Int_t
nGenVisTau, UInt_t, Int_t
nIsoTrack, UInt_t, Int_t
nJet, UInt_t, Int_t
nLHEPart, UInt_t, Int_t
nLHEPdfWeight, UInt_t, Int_t
nLHEReweightingWeight, UInt_t, Int_t
nLHEScaleWeight, UInt_t, Int_t
nLowPtElectron, UInt_t, Int_t
nMuon, UInt_t, Int_t
nOtherPV, UInt_t, Int_t
nPSWeight, UInt_t, Int_t
nPhoton, UInt_t, Int_t
nSV, UInt_t, Int_t
nSoftActivityJet, UInt_t, Int_t
nSubGenJetAK8, UInt_t, Int_t
nSubJet, UInt_t, Int_t
nTau, UInt_t, Int_t
nTrigObj, UInt_t, Int_t
nboostedTau, UInt_t, Int_t
