branchName, Run2, Run3
#
Electron_cleanmask, ROOT::VecOps::RVec<UChar_t>, NOT AVAILABLE
Electron_dEscaleDown, ROOT::VecOps::RVec<Float_t>, NOT AVAILABLE
Electron_dEscaleUp, ROOT::VecOps::RVec<Float_t>, NOT AVAILABLE
Electron_dEsigmaDown, ROOT::VecOps::RVec<Float_t>, NOT AVAILABLE
Electron_dEsigmaUp, ROOT::VecOps::RVec<Float_t>, NOT AVAILABLE
Electron_eCorr, ROOT::VecOps::RVec<Float_t>, NOT AVAILABLE
Electron_mvaFall17V2Iso, ROOT::VecOps::RVec<Float_t>, NOT AVAILABLE
Electron_mvaFall17V2Iso_WP80, ROOT::VecOps::RVec<Bool_t>, NOT AVAILABLE
Electron_mvaFall17V2Iso_WP90, ROOT::VecOps::RVec<Bool_t>, NOT AVAILABLE
Electron_mvaFall17V2Iso_WPL, ROOT::VecOps::RVec<Bool_t>, NOT AVAILABLE
Electron_mvaFall17V2noIso, ROOT::VecOps::RVec<Float_t>, NOT AVAILABLE
Electron_mvaFall17V2noIso_WP80, ROOT::VecOps::RVec<Bool_t>, NOT AVAILABLE
Electron_mvaFall17V2noIso_WP90, ROOT::VecOps::RVec<Bool_t>, NOT AVAILABLE
Electron_mvaFall17V2noIso_WPL, ROOT::VecOps::RVec<Bool_t>, NOT AVAILABLE
#
FatJet_btagCSVV2, ROOT::VecOps::RVec<Float_t>, NOT AVAILABLE
FatJet_deepTagMD_H4qvsQCD, ROOT::VecOps::RVec<Float_t>, NOT AVAILABLE
FatJet_deepTagMD_HbbvsQCD, ROOT::VecOps::RVec<Float_t>, NOT AVAILABLE
FatJet_deepTagMD_TvsQCD, ROOT::VecOps::RVec<Float_t>, NOT AVAILABLE
FatJet_deepTagMD_WvsQCD, ROOT::VecOps::RVec<Float_t>, NOT AVAILABLE
FatJet_deepTagMD_ZHbbvsQCD, ROOT::VecOps::RVec<Float_t>, NOT AVAILABLE
FatJet_deepTagMD_ZHccvsQCD, ROOT::VecOps::RVec<Float_t>, NOT AVAILABLE
FatJet_deepTagMD_ZbbvsQCD, ROOT::VecOps::RVec<Float_t>, NOT AVAILABLE
FatJet_deepTagMD_ZvsQCD, ROOT::VecOps::RVec<Float_t>, NOT AVAILABLE
FatJet_deepTagMD_bbvsLight, ROOT::VecOps::RVec<Float_t>, NOT AVAILABLE
FatJet_deepTagMD_ccvsLight, ROOT::VecOps::RVec<Float_t>, NOT AVAILABLE
FatJet_deepTag_H, ROOT::VecOps::RVec<Float_t>, NOT AVAILABLE
FatJet_deepTag_QCD, ROOT::VecOps::RVec<Float_t>, NOT AVAILABLE
FatJet_deepTag_QCDothers, ROOT::VecOps::RVec<Float_t>, NOT AVAILABLE
FatJet_deepTag_TvsQCD, ROOT::VecOps::RVec<Float_t>, NOT AVAILABLE
FatJet_deepTag_WvsQCD, ROOT::VecOps::RVec<Float_t>, NOT AVAILABLE
FatJet_deepTag_ZvsQCD, ROOT::VecOps::RVec<Float_t>, NOT AVAILABLE
FatJet_particleNetMD_QCD, ROOT::VecOps::RVec<Float_t>, NOT AVAILABLE
FatJet_particleNetMD_Xbb, ROOT::VecOps::RVec<Float_t>, NOT AVAILABLE
FatJet_particleNetMD_Xcc, ROOT::VecOps::RVec<Float_t>, NOT AVAILABLE
FatJet_particleNetMD_Xqq, ROOT::VecOps::RVec<Float_t>, NOT AVAILABLE
FatJet_particleNet_H4qvsQCD, ROOT::VecOps::RVec<Float_t>, NOT AVAILABLE
FatJet_particleNet_HbbvsQCD, ROOT::VecOps::RVec<Float_t>, NOT AVAILABLE
FatJet_particleNet_HccvsQCD, ROOT::VecOps::RVec<Float_t>, NOT AVAILABLE
FatJet_particleNet_TvsQCD, ROOT::VecOps::RVec<Float_t>, NOT AVAILABLE
FatJet_particleNet_WvsQCD, ROOT::VecOps::RVec<Float_t>, NOT AVAILABLE
FatJet_particleNet_ZvsQCD, ROOT::VecOps::RVec<Float_t>, NOT AVAILABLE
FatJet_particleNet_mass, ROOT::VecOps::RVec<Float_t>, NOT AVAILABLE
#
Jet_bRegCorr, ROOT::VecOps::RVec<Float_t>, NOT AVAILABLE
Jet_bRegRes, ROOT::VecOps::RVec<Float_t>, NOT AVAILABLE
Jet_btagCSVV2, ROOT::VecOps::RVec<Float_t>, NOT AVAILABLE
Jet_btagDeepB, ROOT::VecOps::RVec<Float_t>, NOT AVAILABLE
Jet_btagDeepCvB, ROOT::VecOps::RVec<Float_t>, NOT AVAILABLE
Jet_btagDeepCvL, ROOT::VecOps::RVec<Float_t>, NOT AVAILABLE
Jet_cRegCorr, ROOT::VecOps::RVec<Float_t>, NOT AVAILABLE
Jet_cRegRes, ROOT::VecOps::RVec<Float_t>, NOT AVAILABLE
Jet_chFPV0EF, ROOT::VecOps::RVec<Float_t>, NOT AVAILABLE
Jet_cleanmask, ROOT::VecOps::RVec<UChar_t>, NOT AVAILABLE
Jet_puId, ROOT::VecOps::RVec<Int_t>, NOT AVAILABLE
Jet_puIdDisc, ROOT::VecOps::RVec<Float_t>, NOT AVAILABLE
Jet_qgl, ROOT::VecOps::RVec<Float_t>, NOT AVAILABLE
#
L1PreFiringWeight_Dn, Float_t, NOT AVAILABLE
L1PreFiringWeight_ECAL_Dn, Float_t, NOT AVAILABLE
L1PreFiringWeight_ECAL_Nom, Float_t, NOT AVAILABLE
L1PreFiringWeight_ECAL_Up, Float_t, NOT AVAILABLE
L1PreFiringWeight_Muon_Nom, Float_t, NOT AVAILABLE
L1PreFiringWeight_Muon_StatDn, Float_t, NOT AVAILABLE
L1PreFiringWeight_Muon_StatUp, Float_t, NOT AVAILABLE
L1PreFiringWeight_Muon_SystDn, Float_t, NOT AVAILABLE
L1PreFiringWeight_Muon_SystUp, Float_t, NOT AVAILABLE
L1PreFiringWeight_Nom, Float_t, NOT AVAILABLE
L1PreFiringWeight_Up, Float_t, NOT AVAILABLE
#
LowPtElectron_embeddedID, ROOT::VecOps::RVec<Float_t>, NOT AVAILABLE
Muon_cleanmask, ROOT::VecOps::RVec<UChar_t>, NOT AVAILABLE
Muon_mvaId, ROOT::VecOps::RVec<UChar_t>, NOT AVAILABLE
Muon_mvaLowPtId, ROOT::VecOps::RVec<UChar_t>, NOT AVAILABLE
Photon_charge, ROOT::VecOps::RVec<Int_t>, NOT AVAILABLE
Photon_cleanmask, ROOT::VecOps::RVec<UChar_t>, NOT AVAILABLE
Photon_cutBased_Fall17V1Bitmap, ROOT::VecOps::RVec<Int_t>, NOT AVAILABLE
Photon_dEscaleDown, ROOT::VecOps::RVec<Float_t>, NOT AVAILABLE
Photon_dEscaleUp, ROOT::VecOps::RVec<Float_t>, NOT AVAILABLE
Photon_dEsigmaDown, ROOT::VecOps::RVec<Float_t>, NOT AVAILABLE
Photon_dEsigmaUp, ROOT::VecOps::RVec<Float_t>, NOT AVAILABLE
Photon_eCorr, ROOT::VecOps::RVec<Float_t>, NOT AVAILABLE
Photon_mass, ROOT::VecOps::RVec<Float_t>, NOT AVAILABLE
Photon_mvaID_Fall17V1p1, ROOT::VecOps::RVec<Float_t>, NOT AVAILABLE
Photon_pdgId, ROOT::VecOps::RVec<Int_t>, NOT AVAILABLE
Photon_pfRelIso03_all, ROOT::VecOps::RVec<Float_t>, NOT AVAILABLE
Photon_pfRelIso03_chg, ROOT::VecOps::RVec<Float_t>, NOT AVAILABLE
SubJet_btagCSVV2, ROOT::VecOps::RVec<Float_t>, NOT AVAILABLE
Tau_cleanmask, ROOT::VecOps::RVec<UChar_t>, NOT AVAILABLE
boostedTau_idMVAoldDMdR032017v2, ROOT::VecOps::RVec<UChar_t>, NOT AVAILABLE
boostedTau_rawMVAoldDMdR032017v2, ROOT::VecOps::RVec<Float_t>, NOT AVAILABLE
btagWeight_CSVV2, Float_t, NOT AVAILABLE
btagWeight_DeepCSVB, Float_t, NOT AVAILABLE
fixedGridRhoFastjetAll, Float_t, NOT AVAILABLE
fixedGridRhoFastjetCentral, Float_t, NOT AVAILABLE
fixedGridRhoFastjetCentralCalo, Float_t, NOT AVAILABLE
fixedGridRhoFastjetCentralChargedPileUp, Float_t, NOT AVAILABLE
fixedGridRhoFastjetCentralNeutral, Float_t, NOT AVAILABLE
BeamSpot_sigmaZ, NOT AVAILABLE, Float_t
BeamSpot_sigmaZError, NOT AVAILABLE, Float_t
BeamSpot_type, NOT AVAILABLE, Char_t
BeamSpot_z, NOT AVAILABLE, Float_t
BeamSpot_zError, NOT AVAILABLE, Float_t
Electron_fsrPhotonIdx, NOT AVAILABLE, ROOT::VecOps::RVec<Short_t>
Electron_mvaHZZIso, NOT AVAILABLE, ROOT::VecOps::RVec<Float_t>
Electron_mvaIso, NOT AVAILABLE, ROOT::VecOps::RVec<Float_t>
Electron_mvaIso_WP80, NOT AVAILABLE, ROOT::VecOps::RVec<Bool_t>
Electron_mvaIso_WP90, NOT AVAILABLE, ROOT::VecOps::RVec<Bool_t>
Electron_mvaNoIso, NOT AVAILABLE, ROOT::VecOps::RVec<Float_t>
Electron_mvaNoIso_WP80, NOT AVAILABLE, ROOT::VecOps::RVec<Bool_t>
Electron_mvaNoIso_WP90, NOT AVAILABLE, ROOT::VecOps::RVec<Bool_t>
Electron_seediEtaOriX, NOT AVAILABLE, ROOT::VecOps::RVec<Char_t>
Electron_seediPhiOriY, NOT AVAILABLE, ROOT::VecOps::RVec<Int_t>
Electron_svIdx, NOT AVAILABLE, ROOT::VecOps::RVec<Short_t>
FatJet_particleNetWithMass_H4qvsQCD, NOT AVAILABLE, ROOT::VecOps::RVec<Float_t>
FatJet_particleNetWithMass_HbbvsQCD, NOT AVAILABLE, ROOT::VecOps::RVec<Float_t>
FatJet_particleNetWithMass_HccvsQCD, NOT AVAILABLE, ROOT::VecOps::RVec<Float_t>
FatJet_particleNetWithMass_QCD, NOT AVAILABLE, ROOT::VecOps::RVec<Float_t>
FatJet_particleNetWithMass_TvsQCD, NOT AVAILABLE, ROOT::VecOps::RVec<Float_t>
FatJet_particleNetWithMass_WvsQCD, NOT AVAILABLE, ROOT::VecOps::RVec<Float_t>
FatJet_particleNetWithMass_ZvsQCD, NOT AVAILABLE, ROOT::VecOps::RVec<Float_t>
FatJet_particleNet_QCD0HF, NOT AVAILABLE, ROOT::VecOps::RVec<Float_t>
FatJet_particleNet_QCD1HF, NOT AVAILABLE, ROOT::VecOps::RVec<Float_t>
FatJet_particleNet_QCD2HF, NOT AVAILABLE, ROOT::VecOps::RVec<Float_t>
FatJet_particleNet_XbbVsQCD, NOT AVAILABLE, ROOT::VecOps::RVec<Float_t>
FatJet_particleNet_XccVsQCD, NOT AVAILABLE, ROOT::VecOps::RVec<Float_t>
FatJet_particleNet_XggVsQCD, NOT AVAILABLE, ROOT::VecOps::RVec<Float_t>
FatJet_particleNet_XqqVsQCD, NOT AVAILABLE, ROOT::VecOps::RVec<Float_t>
FatJet_particleNet_XteVsQCD, NOT AVAILABLE, ROOT::VecOps::RVec<Float_t>
FatJet_particleNet_XtmVsQCD, NOT AVAILABLE, ROOT::VecOps::RVec<Float_t>
FatJet_particleNet_XttVsQCD, NOT AVAILABLE, ROOT::VecOps::RVec<Float_t>
FatJet_particleNet_massCorr, NOT AVAILABLE, ROOT::VecOps::RVec<Float_t>
FsrPhoton_electronIdx, NOT AVAILABLE, ROOT::VecOps::RVec<Short_t>
GenProton_isPU, NOT AVAILABLE, ROOT::VecOps::RVec<Bool_t>
GenProton_px, NOT AVAILABLE, ROOT::VecOps::RVec<Float_t>
GenProton_py, NOT AVAILABLE, ROOT::VecOps::RVec<Float_t>
GenProton_pz, NOT AVAILABLE, ROOT::VecOps::RVec<Float_t>
GenProton_vz, NOT AVAILABLE, ROOT::VecOps::RVec<Float_t>
Jet_PNetRegPtRawCorr, NOT AVAILABLE, ROOT::VecOps::RVec<Float_t>
Jet_PNetRegPtRawCorrNeutrino, NOT AVAILABLE, ROOT::VecOps::RVec<Float_t>
Jet_PNetRegPtRawRes, NOT AVAILABLE, ROOT::VecOps::RVec<Float_t>
Jet_btagPNetB, NOT AVAILABLE, ROOT::VecOps::RVec<Float_t>
Jet_btagPNetCvB, NOT AVAILABLE, ROOT::VecOps::RVec<Float_t>
Jet_btagPNetCvL, NOT AVAILABLE, ROOT::VecOps::RVec<Float_t>
Jet_btagPNetQvG, NOT AVAILABLE, ROOT::VecOps::RVec<Float_t>
Jet_btagPNetTauVJet, NOT AVAILABLE, ROOT::VecOps::RVec<Float_t>
Jet_btagRobustParTAK4B, NOT AVAILABLE, ROOT::VecOps::RVec<Float_t>
Jet_btagRobustParTAK4CvB, NOT AVAILABLE, ROOT::VecOps::RVec<Float_t>
Jet_btagRobustParTAK4CvL, NOT AVAILABLE, ROOT::VecOps::RVec<Float_t>
Jet_btagRobustParTAK4QG, NOT AVAILABLE, ROOT::VecOps::RVec<Float_t>
Jet_nSVs, NOT AVAILABLE, ROOT::VecOps::RVec<UChar_t>
Jet_svIdx1, NOT AVAILABLE, ROOT::VecOps::RVec<Short_t>
Jet_svIdx2, NOT AVAILABLE, ROOT::VecOps::RVec<Short_t>
LowPtElectron_electronIdx, NOT AVAILABLE, ROOT::VecOps::RVec<Short_t>
LowPtElectron_photonIdx, NOT AVAILABLE, ROOT::VecOps::RVec<Short_t>
Muon_bsConstrainedChi2, NOT AVAILABLE, ROOT::VecOps::RVec<Float_t>
Muon_bsConstrainedPt, NOT AVAILABLE, ROOT::VecOps::RVec<Float_t>
Muon_bsConstrainedPtErr, NOT AVAILABLE, ROOT::VecOps::RVec<Float_t>
Muon_mvaMuID, NOT AVAILABLE, ROOT::VecOps::RVec<Float_t>
Muon_mvaMuID_WP, NOT AVAILABLE, ROOT::VecOps::RVec<UChar_t>
Muon_svIdx, NOT AVAILABLE, ROOT::VecOps::RVec<Short_t>
OtherPV_score, NOT AVAILABLE, ROOT::VecOps::RVec<Float_t>
Photon_ecalPFClusterIso, NOT AVAILABLE, ROOT::VecOps::RVec<Float_t>
Photon_energyRaw, NOT AVAILABLE, ROOT::VecOps::RVec<Float_t>
Photon_esEffSigmaRR, NOT AVAILABLE, ROOT::VecOps::RVec<Float_t>
Photon_esEnergyOverRawE, NOT AVAILABLE, ROOT::VecOps::RVec<Float_t>
Photon_etaWidth, NOT AVAILABLE, ROOT::VecOps::RVec<Float_t>
Photon_haloTaggerMVAVal, NOT AVAILABLE, ROOT::VecOps::RVec<Float_t>
Photon_hasConversionTracks, NOT AVAILABLE, ROOT::VecOps::RVec<Bool_t>
Photon_hcalPFClusterIso, NOT AVAILABLE, ROOT::VecOps::RVec<Float_t>
Photon_hoe_PUcorr, NOT AVAILABLE, ROOT::VecOps::RVec<Float_t>
Photon_pfChargedIso, NOT AVAILABLE, ROOT::VecOps::RVec<Float_t>
Photon_pfChargedIsoPFPV, NOT AVAILABLE, ROOT::VecOps::RVec<Float_t>
Photon_pfChargedIsoWorstVtx, NOT AVAILABLE, ROOT::VecOps::RVec<Float_t>
Photon_pfPhoIso03, NOT AVAILABLE, ROOT::VecOps::RVec<Float_t>
Photon_pfRelIso03_all_quadratic, NOT AVAILABLE, ROOT::VecOps::RVec<Float_t>
Photon_pfRelIso03_chg_quadratic, NOT AVAILABLE, ROOT::VecOps::RVec<Float_t>
Photon_phiWidth, NOT AVAILABLE, ROOT::VecOps::RVec<Float_t>
Photon_s4, NOT AVAILABLE, ROOT::VecOps::RVec<Float_t>
Photon_seediEtaOriX, NOT AVAILABLE, ROOT::VecOps::RVec<Char_t>
Photon_seediPhiOriY, NOT AVAILABLE, ROOT::VecOps::RVec<Int_t>
Photon_sieip, NOT AVAILABLE, ROOT::VecOps::RVec<Float_t>
Photon_sipip, NOT AVAILABLE, ROOT::VecOps::RVec<Float_t>
Photon_trkSumPtHollowConeDR03, NOT AVAILABLE, ROOT::VecOps::RVec<Float_t>
Photon_trkSumPtSolidConeDR04, NOT AVAILABLE, ROOT::VecOps::RVec<Float_t>
Photon_x_calo, NOT AVAILABLE, ROOT::VecOps::RVec<Float_t>
Photon_y_calo, NOT AVAILABLE, ROOT::VecOps::RVec<Float_t>
Photon_z_calo, NOT AVAILABLE, ROOT::VecOps::RVec<Float_t>
Rho_fixedGridRhoAll, NOT AVAILABLE, Float_t
Rho_fixedGridRhoFastjetAll, NOT AVAILABLE, Float_t
Rho_fixedGridRhoFastjetCentral, NOT AVAILABLE, Float_t
Rho_fixedGridRhoFastjetCentralCalo, NOT AVAILABLE, Float_t
Rho_fixedGridRhoFastjetCentralChargedPileUp, NOT AVAILABLE, Float_t
Rho_fixedGridRhoFastjetCentralNeutral, NOT AVAILABLE, Float_t
Tau_decayModePNet, NOT AVAILABLE, ROOT::VecOps::RVec<Short_t>
Tau_eleIdx, NOT AVAILABLE, ROOT::VecOps::RVec<Short_t>
Tau_idDecayModeNewDMs, NOT AVAILABLE, ROOT::VecOps::RVec<Bool_t>
Tau_idDeepTau2018v2p5VSe, NOT AVAILABLE, ROOT::VecOps::RVec<UChar_t>
Tau_idDeepTau2018v2p5VSjet, NOT AVAILABLE, ROOT::VecOps::RVec<UChar_t>
Tau_idDeepTau2018v2p5VSmu, NOT AVAILABLE, ROOT::VecOps::RVec<UChar_t>
Tau_muIdx, NOT AVAILABLE, ROOT::VecOps::RVec<Short_t>
Tau_nSVs, NOT AVAILABLE, ROOT::VecOps::RVec<UChar_t>
Tau_probDM0PNet, NOT AVAILABLE, ROOT::VecOps::RVec<Float_t>
Tau_probDM10PNet, NOT AVAILABLE, ROOT::VecOps::RVec<Float_t>
Tau_probDM11PNet, NOT AVAILABLE, ROOT::VecOps::RVec<Float_t>
Tau_probDM1PNet, NOT AVAILABLE, ROOT::VecOps::RVec<Float_t>
Tau_probDM2PNet, NOT AVAILABLE, ROOT::VecOps::RVec<Float_t>
Tau_ptCorrPNet, NOT AVAILABLE, ROOT::VecOps::RVec<Float_t>
Tau_qConfPNet, NOT AVAILABLE, ROOT::VecOps::RVec<Float_t>
Tau_rawDeepTau2018v2p5VSe, NOT AVAILABLE, ROOT::VecOps::RVec<Float_t>
Tau_rawDeepTau2018v2p5VSjet, NOT AVAILABLE, ROOT::VecOps::RVec<Float_t>
Tau_rawDeepTau2018v2p5VSmu, NOT AVAILABLE, ROOT::VecOps::RVec<Float_t>
Tau_rawPNetVSe, NOT AVAILABLE, ROOT::VecOps::RVec<Float_t>
Tau_rawPNetVSjet, NOT AVAILABLE, ROOT::VecOps::RVec<Float_t>
Tau_rawPNetVSmu, NOT AVAILABLE, ROOT::VecOps::RVec<Float_t>
Tau_svIdx1, NOT AVAILABLE, ROOT::VecOps::RVec<Short_t>
Tau_svIdx2, NOT AVAILABLE, ROOT::VecOps::RVec<Short_t>
bunchCrossing, NOT AVAILABLE, UInt_t
nGenProton, NOT AVAILABLE, Int_t
