branchName, type_Run2
CaloMET_phi, Float_t
CaloMET_pt, Float_t
CaloMET_sumEt, Float_t
ChsMET_phi, Float_t
ChsMET_pt, Float_t
ChsMET_sumEt, Float_t
CorrT1METJet_area, ROOT::VecOps::RVec<Float_t>
CorrT1METJet_eta, ROOT::VecOps::RVec<Float_t>
CorrT1METJet_muonSubtrFactor, ROOT::VecOps::RVec<Float_t>
CorrT1METJet_phi, ROOT::VecOps::RVec<Float_t>
CorrT1METJet_rawPt, ROOT::VecOps::RVec<Float_t>
DeepMETResolutionTune_phi, Float_t
DeepMETResolutionTune_pt, Float_t
DeepMETResponseTune_phi, Float_t
DeepMETResponseTune_pt, Float_t
Electron_charge, ROOT::VecOps::RVec<Int_t>
Electron_cleanmask, ROOT::VecOps::RVec<UChar_t>
Electron_convVeto, ROOT::VecOps::RVec<Bool_t>
Electron_cutBased, ROOT::VecOps::RVec<Int_t>
Electron_cutBased_HEEP, ROOT::VecOps::RVec<Bool_t>
Electron_dEscaleDown, ROOT::VecOps::RVec<Float_t>
Electron_dEscaleUp, ROOT::VecOps::RVec<Float_t>
Electron_dEsigmaDown, ROOT::VecOps::RVec<Float_t>
Electron_dEsigmaUp, ROOT::VecOps::RVec<Float_t>
Electron_deltaEtaSC, ROOT::VecOps::RVec<Float_t>
Electron_dr03EcalRecHitSumEt, ROOT::VecOps::RVec<Float_t>
Electron_dr03HcalDepth1TowerSumEt, ROOT::VecOps::RVec<Float_t>
Electron_dr03TkSumPt, ROOT::VecOps::RVec<Float_t>
Electron_dr03TkSumPtHEEP, ROOT::VecOps::RVec<Float_t>
Electron_dxy, ROOT::VecOps::RVec<Float_t>
Electron_dxyErr, ROOT::VecOps::RVec<Float_t>
Electron_dz, ROOT::VecOps::RVec<Float_t>
Electron_dzErr, ROOT::VecOps::RVec<Float_t>
Electron_eCorr, ROOT::VecOps::RVec<Float_t>
Electron_eInvMinusPInv, ROOT::VecOps::RVec<Float_t>
Electron_energyErr, ROOT::VecOps::RVec<Float_t>
Electron_eta, ROOT::VecOps::RVec<Float_t>
Electron_genPartFlav, ROOT::VecOps::RVec<UChar_t>
Electron_genPartIdx, ROOT::VecOps::RVec<Int_t>
Electron_hoe, ROOT::VecOps::RVec<Float_t>
Electron_ip3d, ROOT::VecOps::RVec<Float_t>
Electron_isPFcand, ROOT::VecOps::RVec<Bool_t>
Electron_jetIdx, ROOT::VecOps::RVec<Int_t>
Electron_jetNDauCharged, ROOT::VecOps::RVec<UChar_t>
Electron_jetPtRelv2, ROOT::VecOps::RVec<Float_t>
Electron_jetRelIso, ROOT::VecOps::RVec<Float_t>
Electron_lostHits, ROOT::VecOps::RVec<UChar_t>
Electron_mass, ROOT::VecOps::RVec<Float_t>
Electron_miniPFRelIso_all, ROOT::VecOps::RVec<Float_t>
Electron_miniPFRelIso_chg, ROOT::VecOps::RVec<Float_t>
Electron_mvaFall17V2Iso, ROOT::VecOps::RVec<Float_t>
Electron_mvaFall17V2Iso_WP80, ROOT::VecOps::RVec<Bool_t>
Electron_mvaFall17V2Iso_WP90, ROOT::VecOps::RVec<Bool_t>
Electron_mvaFall17V2Iso_WPL, ROOT::VecOps::RVec<Bool_t>
Electron_mvaFall17V2noIso, ROOT::VecOps::RVec<Float_t>
Electron_mvaFall17V2noIso_WP80, ROOT::VecOps::RVec<Bool_t>
Electron_mvaFall17V2noIso_WP90, ROOT::VecOps::RVec<Bool_t>
Electron_mvaFall17V2noIso_WPL, ROOT::VecOps::RVec<Bool_t>
Electron_mvaTTH, ROOT::VecOps::RVec<Float_t>
Electron_pdgId, ROOT::VecOps::RVec<Int_t>
Electron_pfRelIso03_all, ROOT::VecOps::RVec<Float_t>
Electron_pfRelIso03_chg, ROOT::VecOps::RVec<Float_t>
Electron_phi, ROOT::VecOps::RVec<Float_t>
Electron_photonIdx, ROOT::VecOps::RVec<Int_t>
Electron_pt, ROOT::VecOps::RVec<Float_t>
Electron_r9, ROOT::VecOps::RVec<Float_t>
Electron_scEtOverPt, ROOT::VecOps::RVec<Float_t>
Electron_seedGain, ROOT::VecOps::RVec<UChar_t>
Electron_sieie, ROOT::VecOps::RVec<Float_t>
Electron_sip3d, ROOT::VecOps::RVec<Float_t>
Electron_tightCharge, ROOT::VecOps::RVec<Int_t>
Electron_vidNestedWPBitmap, ROOT::VecOps::RVec<Int_t>
Electron_vidNestedWPBitmapHEEP, ROOT::VecOps::RVec<Int_t>
FatJet_area, ROOT::VecOps::RVec<Float_t>
FatJet_btagCSVV2, ROOT::VecOps::RVec<Float_t>
FatJet_btagDDBvLV2, ROOT::VecOps::RVec<Float_t>
FatJet_btagDDCvBV2, ROOT::VecOps::RVec<Float_t>
FatJet_btagDDCvLV2, ROOT::VecOps::RVec<Float_t>
FatJet_btagDeepB, ROOT::VecOps::RVec<Float_t>
FatJet_btagHbb, ROOT::VecOps::RVec<Float_t>
FatJet_deepTagMD_H4qvsQCD, ROOT::VecOps::RVec<Float_t>
FatJet_deepTagMD_HbbvsQCD, ROOT::VecOps::RVec<Float_t>
FatJet_deepTagMD_TvsQCD, ROOT::VecOps::RVec<Float_t>
FatJet_deepTagMD_WvsQCD, ROOT::VecOps::RVec<Float_t>
FatJet_deepTagMD_ZHbbvsQCD, ROOT::VecOps::RVec<Float_t>
FatJet_deepTagMD_ZHccvsQCD, ROOT::VecOps::RVec<Float_t>
FatJet_deepTagMD_ZbbvsQCD, ROOT::VecOps::RVec<Float_t>
FatJet_deepTagMD_ZvsQCD, ROOT::VecOps::RVec<Float_t>
FatJet_deepTagMD_bbvsLight, ROOT::VecOps::RVec<Float_t>
FatJet_deepTagMD_ccvsLight, ROOT::VecOps::RVec<Float_t>
FatJet_deepTag_H, ROOT::VecOps::RVec<Float_t>
FatJet_deepTag_QCD, ROOT::VecOps::RVec<Float_t>
FatJet_deepTag_QCDothers, ROOT::VecOps::RVec<Float_t>
FatJet_deepTag_TvsQCD, ROOT::VecOps::RVec<Float_t>
FatJet_deepTag_WvsQCD, ROOT::VecOps::RVec<Float_t>
FatJet_deepTag_ZvsQCD, ROOT::VecOps::RVec<Float_t>
FatJet_electronIdx3SJ, ROOT::VecOps::RVec<Int_t>
FatJet_eta, ROOT::VecOps::RVec<Float_t>
FatJet_genJetAK8Idx, ROOT::VecOps::RVec<Int_t>
FatJet_hadronFlavour, ROOT::VecOps::RVec<Int_t>
FatJet_jetId, ROOT::VecOps::RVec<Int_t>
FatJet_lsf3, ROOT::VecOps::RVec<Float_t>
FatJet_mass, ROOT::VecOps::RVec<Float_t>
FatJet_msoftdrop, ROOT::VecOps::RVec<Float_t>
FatJet_muonIdx3SJ, ROOT::VecOps::RVec<Int_t>
FatJet_n2b1, ROOT::VecOps::RVec<Float_t>
FatJet_n3b1, ROOT::VecOps::RVec<Float_t>
FatJet_nBHadrons, ROOT::VecOps::RVec<UChar_t>
FatJet_nCHadrons, ROOT::VecOps::RVec<UChar_t>
FatJet_nConstituents, ROOT::VecOps::RVec<UChar_t>
FatJet_particleNetMD_QCD, ROOT::VecOps::RVec<Float_t>
FatJet_particleNetMD_Xbb, ROOT::VecOps::RVec<Float_t>
FatJet_particleNetMD_Xcc, ROOT::VecOps::RVec<Float_t>
FatJet_particleNetMD_Xqq, ROOT::VecOps::RVec<Float_t>
FatJet_particleNet_H4qvsQCD, ROOT::VecOps::RVec<Float_t>
FatJet_particleNet_HbbvsQCD, ROOT::VecOps::RVec<Float_t>
FatJet_particleNet_HccvsQCD, ROOT::VecOps::RVec<Float_t>
FatJet_particleNet_QCD, ROOT::VecOps::RVec<Float_t>
FatJet_particleNet_TvsQCD, ROOT::VecOps::RVec<Float_t>
FatJet_particleNet_WvsQCD, ROOT::VecOps::RVec<Float_t>
FatJet_particleNet_ZvsQCD, ROOT::VecOps::RVec<Float_t>
FatJet_particleNet_mass, ROOT::VecOps::RVec<Float_t>
FatJet_phi, ROOT::VecOps::RVec<Float_t>
FatJet_pt, ROOT::VecOps::RVec<Float_t>
FatJet_rawFactor, ROOT::VecOps::RVec<Float_t>
FatJet_subJetIdx1, ROOT::VecOps::RVec<Int_t>
FatJet_subJetIdx2, ROOT::VecOps::RVec<Int_t>
FatJet_tau1, ROOT::VecOps::RVec<Float_t>
FatJet_tau2, ROOT::VecOps::RVec<Float_t>
FatJet_tau3, ROOT::VecOps::RVec<Float_t>
FatJet_tau4, ROOT::VecOps::RVec<Float_t>
Flag_BadChargedCandidateFilter, Bool_t
Flag_BadChargedCandidateSummer16Filter, Bool_t
Flag_BadPFMuonDzFilter, Bool_t
Flag_BadPFMuonFilter, Bool_t
Flag_BadPFMuonSummer16Filter, Bool_t
Flag_CSCTightHalo2015Filter, Bool_t
Flag_CSCTightHaloFilter, Bool_t
Flag_CSCTightHaloTrkMuUnvetoFilter, Bool_t
Flag_EcalDeadCellBoundaryEnergyFilter, Bool_t
Flag_EcalDeadCellTriggerPrimitiveFilter, Bool_t
Flag_HBHENoiseFilter, Bool_t
Flag_HBHENoiseIsoFilter, Bool_t
Flag_HcalStripHaloFilter, Bool_t
Flag_METFilters, Bool_t
Flag_chargedHadronTrackResolutionFilter, Bool_t
Flag_ecalBadCalibFilter, Bool_t
Flag_ecalLaserCorrFilter, Bool_t
Flag_eeBadScFilter, Bool_t
Flag_globalSuperTightHalo2016Filter, Bool_t
Flag_globalTightHalo2016Filter, Bool_t
Flag_goodVertices, Bool_t
Flag_hcalLaserEventFilter, Bool_t
Flag_hfNoisyHitsFilter, Bool_t
Flag_muonBadTrackFilter, Bool_t
Flag_trkPOGFilters, Bool_t
Flag_trkPOG_logErrorTooManyClusters, Bool_t
Flag_trkPOG_manystripclus53X, Bool_t
Flag_trkPOG_toomanystripclus53X, Bool_t
FsrPhoton_dROverEt2, ROOT::VecOps::RVec<Float_t>
FsrPhoton_eta, ROOT::VecOps::RVec<Float_t>
FsrPhoton_muonIdx, ROOT::VecOps::RVec<Int_t>
FsrPhoton_phi, ROOT::VecOps::RVec<Float_t>
FsrPhoton_pt, ROOT::VecOps::RVec<Float_t>
FsrPhoton_relIso03, ROOT::VecOps::RVec<Float_t>
GenDressedLepton_eta, ROOT::VecOps::RVec<Float_t>
GenDressedLepton_hasTauAnc, ROOT::VecOps::RVec<Bool_t>
GenDressedLepton_mass, ROOT::VecOps::RVec<Float_t>
GenDressedLepton_pdgId, ROOT::VecOps::RVec<Int_t>
GenDressedLepton_phi, ROOT::VecOps::RVec<Float_t>
GenDressedLepton_pt, ROOT::VecOps::RVec<Float_t>
GenIsolatedPhoton_eta, ROOT::VecOps::RVec<Float_t>
GenIsolatedPhoton_mass, ROOT::VecOps::RVec<Float_t>
GenIsolatedPhoton_phi, ROOT::VecOps::RVec<Float_t>
GenIsolatedPhoton_pt, ROOT::VecOps::RVec<Float_t>
GenJetAK8_eta, ROOT::VecOps::RVec<Float_t>
GenJetAK8_hadronFlavour, ROOT::VecOps::RVec<UChar_t>
GenJetAK8_mass, ROOT::VecOps::RVec<Float_t>
GenJetAK8_partonFlavour, ROOT::VecOps::RVec<Int_t>
GenJetAK8_phi, ROOT::VecOps::RVec<Float_t>
GenJetAK8_pt, ROOT::VecOps::RVec<Float_t>
GenJet_eta, ROOT::VecOps::RVec<Float_t>
GenJet_hadronFlavour, ROOT::VecOps::RVec<UChar_t>
GenJet_mass, ROOT::VecOps::RVec<Float_t>
GenJet_partonFlavour, ROOT::VecOps::RVec<Int_t>
GenJet_phi, ROOT::VecOps::RVec<Float_t>
GenJet_pt, ROOT::VecOps::RVec<Float_t>
GenMET_phi, Float_t
GenMET_pt, Float_t
GenPart_eta, ROOT::VecOps::RVec<Float_t>
GenPart_genPartIdxMother, ROOT::VecOps::RVec<Int_t>
GenPart_mass, ROOT::VecOps::RVec<Float_t>
GenPart_pdgId, ROOT::VecOps::RVec<Int_t>
GenPart_phi, ROOT::VecOps::RVec<Float_t>
GenPart_pt, ROOT::VecOps::RVec<Float_t>
GenPart_status, ROOT::VecOps::RVec<Int_t>
GenPart_statusFlags, ROOT::VecOps::RVec<Int_t>
GenVisTau_charge, ROOT::VecOps::RVec<Int_t>
GenVisTau_eta, ROOT::VecOps::RVec<Float_t>
GenVisTau_genPartIdxMother, ROOT::VecOps::RVec<Int_t>
GenVisTau_mass, ROOT::VecOps::RVec<Float_t>
GenVisTau_phi, ROOT::VecOps::RVec<Float_t>
GenVisTau_pt, ROOT::VecOps::RVec<Float_t>
GenVisTau_status, ROOT::VecOps::RVec<Int_t>
GenVtx_t0, Float_t
GenVtx_x, Float_t
GenVtx_y, Float_t
GenVtx_z, Float_t
Generator_binvar, Float_t
Generator_id1, Int_t
Generator_id2, Int_t
Generator_scalePDF, Float_t
Generator_weight, Float_t
Generator_x1, Float_t
Generator_x2, Float_t
Generator_xpdf1, Float_t
Generator_xpdf2, Float_t
HLT_AK4CaloJet100, Bool_t
HLT_AK4CaloJet120, Bool_t
HLT_AK4CaloJet30, Bool_t
HLT_AK4CaloJet40, Bool_t
HLT_AK4CaloJet50, Bool_t
HLT_AK4CaloJet80, Bool_t
HLT_AK4PFJet100, Bool_t
HLT_AK4PFJet120, Bool_t
HLT_AK4PFJet30, Bool_t
HLT_AK4PFJet50, Bool_t
HLT_AK4PFJet80, Bool_t
HLT_AK8PFHT750_TrimMass50, Bool_t
HLT_AK8PFHT800_TrimMass50, Bool_t
HLT_AK8PFHT850_TrimMass50, Bool_t
HLT_AK8PFHT900_TrimMass50, Bool_t
HLT_AK8PFJet140, Bool_t
HLT_AK8PFJet15, Bool_t
HLT_AK8PFJet200, Bool_t
HLT_AK8PFJet25, Bool_t
HLT_AK8PFJet260, Bool_t
HLT_AK8PFJet320, Bool_t
HLT_AK8PFJet330_TrimMass30_PFAK8BTagDeepCSV_p1, Bool_t
HLT_AK8PFJet330_TrimMass30_PFAK8BTagDeepCSV_p17, Bool_t
HLT_AK8PFJet330_TrimMass30_PFAK8BoostedDoubleB_np2, Bool_t
HLT_AK8PFJet330_TrimMass30_PFAK8BoostedDoubleB_np4, Bool_t
HLT_AK8PFJet330_TrimMass30_PFAK8BoostedDoubleB_p02, Bool_t
HLT_AK8PFJet360_TrimMass30, Bool_t
HLT_AK8PFJet380_TrimMass30, Bool_t
HLT_AK8PFJet40, Bool_t
HLT_AK8PFJet400, Bool_t
HLT_AK8PFJet400_TrimMass30, Bool_t
HLT_AK8PFJet420_TrimMass30, Bool_t
HLT_AK8PFJet450, Bool_t
HLT_AK8PFJet500, Bool_t
HLT_AK8PFJet550, Bool_t
HLT_AK8PFJet60, Bool_t
HLT_AK8PFJet80, Bool_t
HLT_AK8PFJetFwd140, Bool_t
HLT_AK8PFJetFwd15, Bool_t
HLT_AK8PFJetFwd200, Bool_t
HLT_AK8PFJetFwd25, Bool_t
HLT_AK8PFJetFwd260, Bool_t
HLT_AK8PFJetFwd320, Bool_t
HLT_AK8PFJetFwd40, Bool_t
HLT_AK8PFJetFwd400, Bool_t
HLT_AK8PFJetFwd450, Bool_t
HLT_AK8PFJetFwd500, Bool_t
HLT_AK8PFJetFwd60, Bool_t
HLT_AK8PFJetFwd80, Bool_t
HLT_BTagMu_AK4DiJet110_Mu5, Bool_t
HLT_BTagMu_AK4DiJet110_Mu5_noalgo, Bool_t
HLT_BTagMu_AK4DiJet170_Mu5, Bool_t
HLT_BTagMu_AK4DiJet170_Mu5_noalgo, Bool_t
HLT_BTagMu_AK4DiJet20_Mu5, Bool_t
HLT_BTagMu_AK4DiJet20_Mu5_noalgo, Bool_t
HLT_BTagMu_AK4DiJet40_Mu5, Bool_t
HLT_BTagMu_AK4DiJet40_Mu5_noalgo, Bool_t
HLT_BTagMu_AK4DiJet70_Mu5, Bool_t
HLT_BTagMu_AK4DiJet70_Mu5_noalgo, Bool_t
HLT_BTagMu_AK4Jet300_Mu5, Bool_t
HLT_BTagMu_AK4Jet300_Mu5_noalgo, Bool_t
HLT_BTagMu_AK8DiJet170_Mu5, Bool_t
HLT_BTagMu_AK8DiJet170_Mu5_noalgo, Bool_t
HLT_BTagMu_AK8Jet170_DoubleMu5, Bool_t
HLT_BTagMu_AK8Jet170_DoubleMu5_noalgo, Bool_t
HLT_BTagMu_AK8Jet300_Mu5, Bool_t
HLT_BTagMu_AK8Jet300_Mu5_noalgo, Bool_t
HLT_CDC_L2cosmic_5_er1p0, Bool_t
HLT_CDC_L2cosmic_5p5_er1p0, Bool_t
HLT_CaloJet500_NoJetID, Bool_t
HLT_CaloJet550_NoJetID, Bool_t
HLT_CaloMET100_HBHECleaned, Bool_t
HLT_CaloMET100_NotCleaned, Bool_t
HLT_CaloMET110_NotCleaned, Bool_t
HLT_CaloMET250_HBHECleaned, Bool_t
HLT_CaloMET250_NotCleaned, Bool_t
HLT_CaloMET300_HBHECleaned, Bool_t
HLT_CaloMET350_HBHECleaned, Bool_t
HLT_CaloMET70_HBHECleaned, Bool_t
HLT_CaloMET80_HBHECleaned, Bool_t
HLT_CaloMET80_NotCleaned, Bool_t
HLT_CaloMET90_HBHECleaned, Bool_t
HLT_CaloMET90_NotCleaned, Bool_t
HLT_CaloMHT90, Bool_t
HLT_DiEle27_WPTightCaloOnly_L1DoubleEG, Bool_t
HLT_DiJet110_35_Mjj650_PFMET110, Bool_t
HLT_DiJet110_35_Mjj650_PFMET120, Bool_t
HLT_DiJet110_35_Mjj650_PFMET130, Bool_t
HLT_DiMu4_Ele9_CaloIdL_TrackIdL_DZ_Mass3p8, Bool_t
HLT_DiMu9_Ele9_CaloIdL_TrackIdL, Bool_t
HLT_DiMu9_Ele9_CaloIdL_TrackIdL_DZ, Bool_t
HLT_DiPFJetAve100_HFJEC, Bool_t
HLT_DiPFJetAve140, Bool_t
HLT_DiPFJetAve160_HFJEC, Bool_t
HLT_DiPFJetAve200, Bool_t
HLT_DiPFJetAve220_HFJEC, Bool_t
HLT_DiPFJetAve260, Bool_t
HLT_DiPFJetAve300_HFJEC, Bool_t
HLT_DiPFJetAve320, Bool_t
HLT_DiPFJetAve40, Bool_t
HLT_DiPFJetAve400, Bool_t
HLT_DiPFJetAve500, Bool_t
HLT_DiPFJetAve60, Bool_t
HLT_DiPFJetAve60_HFJEC, Bool_t
HLT_DiPFJetAve80, Bool_t
HLT_DiPFJetAve80_HFJEC, Bool_t
HLT_DiSC30_18_EIso_AND_HE_Mass70, Bool_t
HLT_Dimuon0_Jpsi, Bool_t
HLT_Dimuon0_Jpsi3p5_Muon2, Bool_t
HLT_Dimuon0_Jpsi_L1_4R_0er1p5R, Bool_t
HLT_Dimuon0_Jpsi_L1_NoOS, Bool_t
HLT_Dimuon0_Jpsi_NoVertexing, Bool_t
HLT_Dimuon0_Jpsi_NoVertexing_L1_4R_0er1p5R, Bool_t
HLT_Dimuon0_Jpsi_NoVertexing_NoOS, Bool_t
HLT_Dimuon0_LowMass, Bool_t
HLT_Dimuon0_LowMass_L1_0er1p5, Bool_t
HLT_Dimuon0_LowMass_L1_0er1p5R, Bool_t
HLT_Dimuon0_LowMass_L1_4, Bool_t
HLT_Dimuon0_LowMass_L1_4R, Bool_t
HLT_Dimuon0_LowMass_L1_TM530, Bool_t
HLT_Dimuon0_Upsilon_L1_4p5, Bool_t
HLT_Dimuon0_Upsilon_L1_4p5NoOS, Bool_t
HLT_Dimuon0_Upsilon_L1_4p5er2p0, Bool_t
HLT_Dimuon0_Upsilon_L1_4p5er2p0M, Bool_t
HLT_Dimuon0_Upsilon_L1_5, Bool_t
HLT_Dimuon0_Upsilon_L1_5M, Bool_t
HLT_Dimuon0_Upsilon_Muon_L1_TM0, Bool_t
HLT_Dimuon0_Upsilon_Muon_NoL1Mass, Bool_t
HLT_Dimuon0_Upsilon_NoVertexing, Bool_t
HLT_Dimuon10_PsiPrime_Barrel_Seagulls, Bool_t
HLT_Dimuon12_Upsilon_y1p4, Bool_t
HLT_Dimuon14_Phi_Barrel_Seagulls, Bool_t
HLT_Dimuon18_PsiPrime, Bool_t
HLT_Dimuon18_PsiPrime_noCorrL1, Bool_t
HLT_Dimuon20_Jpsi_Barrel_Seagulls, Bool_t
HLT_Dimuon24_Phi_noCorrL1, Bool_t
HLT_Dimuon24_Upsilon_noCorrL1, Bool_t
HLT_Dimuon25_Jpsi, Bool_t
HLT_Dimuon25_Jpsi_noCorrL1, Bool_t
HLT_Diphoton30PV_18PV_R9Id_AND_IsoCaloId_AND_HE_R9Id_NoPixelVeto_Mass55, Bool_t
HLT_Diphoton30PV_18PV_R9Id_AND_IsoCaloId_AND_HE_R9Id_PixelVeto_Mass55, Bool_t
HLT_Diphoton30_18_R9IdL_AND_HE_AND_IsoCaloId_NoPixelVeto, Bool_t
HLT_Diphoton30_18_R9IdL_AND_HE_AND_IsoCaloId_NoPixelVeto_Mass55, Bool_t
HLT_Diphoton30_22_R9Id_OR_IsoCaloId_AND_HE_R9Id_Mass90, Bool_t
HLT_Diphoton30_22_R9Id_OR_IsoCaloId_AND_HE_R9Id_Mass95, Bool_t
HLT_DoubleEle24_eta2p1_WPTight_Gsf, Bool_t
HLT_DoubleEle25_CaloIdL_MW, Bool_t
HLT_DoubleEle27_CaloIdL_MW, Bool_t
HLT_DoubleEle33_CaloIdL_MW, Bool_t
HLT_DoubleEle8_CaloIdM_TrackIdM_Mass8_DZ_PFHT350, Bool_t
HLT_DoubleEle8_CaloIdM_TrackIdM_Mass8_PFHT350, Bool_t
HLT_DoubleIsoMu20_eta2p1, Bool_t
HLT_DoubleL2Mu23NoVtx_2Cha, Bool_t
HLT_DoubleL2Mu23NoVtx_2Cha_CosmicSeed, Bool_t
HLT_DoubleL2Mu23NoVtx_2Cha_CosmicSeed_NoL2Matched, Bool_t
HLT_DoubleL2Mu23NoVtx_2Cha_NoL2Matched, Bool_t
HLT_DoubleL2Mu25NoVtx_2Cha, Bool_t
HLT_DoubleL2Mu25NoVtx_2Cha_CosmicSeed, Bool_t
HLT_DoubleL2Mu25NoVtx_2Cha_CosmicSeed_Eta2p4, Bool_t
HLT_DoubleL2Mu25NoVtx_2Cha_CosmicSeed_NoL2Matched, Bool_t
HLT_DoubleL2Mu25NoVtx_2Cha_Eta2p4, Bool_t
HLT_DoubleL2Mu25NoVtx_2Cha_NoL2Matched, Bool_t
HLT_DoubleL2Mu30NoVtx_2Cha_CosmicSeed_Eta2p4, Bool_t
HLT_DoubleL2Mu30NoVtx_2Cha_Eta2p4, Bool_t
HLT_DoubleL2Mu50, Bool_t
HLT_DoubleMediumChargedIsoPFTauHPS35_Trk1_TightID_eta2p1_Reg, Bool_t
HLT_DoubleMediumChargedIsoPFTauHPS35_Trk1_eta2p1_Reg, Bool_t
HLT_DoubleMediumChargedIsoPFTauHPS40_Trk1_TightID_eta2p1_Reg, Bool_t
HLT_DoubleMediumChargedIsoPFTauHPS40_Trk1_eta2p1_Reg, Bool_t
HLT_DoubleMu20_7_Mass0to30_L1_DM4, Bool_t
HLT_DoubleMu20_7_Mass0to30_L1_DM4EG, Bool_t
HLT_DoubleMu20_7_Mass0to30_Photon23, Bool_t
HLT_DoubleMu2_Jpsi_DoubleTkMu0_Phi, Bool_t
HLT_DoubleMu2_Jpsi_DoubleTrk1_Phi1p05, Bool_t
HLT_DoubleMu33NoFiltersNoVtxDisplaced, Bool_t
HLT_DoubleMu3_DCA_PFMET50_PFMHT60, Bool_t
HLT_DoubleMu3_DZ_PFMET50_PFMHT60, Bool_t
HLT_DoubleMu3_DZ_PFMET70_PFMHT70, Bool_t
HLT_DoubleMu3_DZ_PFMET90_PFMHT90, Bool_t
HLT_DoubleMu3_DoubleEle7p5_CaloIdL_TrackIdL_Upsilon, Bool_t
HLT_DoubleMu3_TkMu_DsTau3Mu, Bool_t
HLT_DoubleMu3_Trk_Tau3mu, Bool_t
HLT_DoubleMu3_Trk_Tau3mu_NoL1Mass, Bool_t
HLT_DoubleMu40NoFiltersNoVtxDisplaced, Bool_t
HLT_DoubleMu43NoFiltersNoVtx, Bool_t
HLT_DoubleMu48NoFiltersNoVtx, Bool_t
HLT_DoubleMu4_3_Bs, Bool_t
HLT_DoubleMu4_3_Jpsi, Bool_t
HLT_DoubleMu4_JpsiTrkTrk_Displaced, Bool_t
HLT_DoubleMu4_JpsiTrk_Displaced, Bool_t
HLT_DoubleMu4_Jpsi_Displaced, Bool_t
HLT_DoubleMu4_Jpsi_NoVertexing, Bool_t
HLT_DoubleMu4_LowMassNonResonantTrk_Displaced, Bool_t
HLT_DoubleMu4_Mass3p8_DZ_PFHT350, Bool_t
HLT_DoubleMu4_PsiPrimeTrk_Displaced, Bool_t
HLT_DoubleMu5_Upsilon_DoubleEle3_CaloIdL_TrackIdL, Bool_t
HLT_DoublePFJets100_CaloBTagDeepCSV_p71, Bool_t
HLT_DoublePFJets116MaxDeta1p6_DoubleCaloBTagDeepCSV_p71, Bool_t
HLT_DoublePFJets128MaxDeta1p6_DoubleCaloBTagDeepCSV_p71, Bool_t
HLT_DoublePFJets200_CaloBTagDeepCSV_p71, Bool_t
HLT_DoublePFJets350_CaloBTagDeepCSV_p71, Bool_t
HLT_DoublePFJets40_CaloBTagDeepCSV_p71, Bool_t
HLT_DoublePhoton33_CaloIdL, Bool_t
HLT_DoublePhoton70, Bool_t
HLT_DoublePhoton85, Bool_t
HLT_DoubleTightChargedIsoPFTauHPS35_Trk1_TightID_eta2p1_Reg, Bool_t
HLT_DoubleTightChargedIsoPFTauHPS35_Trk1_eta2p1_Reg, Bool_t
HLT_DoubleTightChargedIsoPFTauHPS40_Trk1_TightID_eta2p1_Reg, Bool_t
HLT_DoubleTightChargedIsoPFTauHPS40_Trk1_eta2p1_Reg, Bool_t
HLT_DoubleTrkMu_16_6_NoFiltersNoVtx, Bool_t
HLT_ECALHT800, Bool_t
HLT_EcalCalibration, Bool_t
HLT_Ele115_CaloIdVT_GsfTrkIdT, Bool_t
HLT_Ele12_CaloIdL_TrackIdL_IsoVL_PFJet30, Bool_t
HLT_Ele135_CaloIdVT_GsfTrkIdT, Bool_t
HLT_Ele145_CaloIdVT_GsfTrkIdT, Bool_t
HLT_Ele15_CaloIdL_TrackIdL_IsoVL_PFJet30, Bool_t
HLT_Ele15_Ele8_CaloIdL_TrackIdL_IsoVL, Bool_t
HLT_Ele15_IsoVVVL_PFHT450, Bool_t
HLT_Ele15_IsoVVVL_PFHT450_CaloBTagDeepCSV_4p5, Bool_t
HLT_Ele15_IsoVVVL_PFHT450_PFMET50, Bool_t
HLT_Ele15_IsoVVVL_PFHT600, Bool_t
HLT_Ele15_WPLoose_Gsf, Bool_t
HLT_Ele16_Ele12_Ele8_CaloIdL_TrackIdL, Bool_t
HLT_Ele17_CaloIdM_TrackIdM_PFJet30, Bool_t
HLT_Ele17_WPLoose_Gsf, Bool_t
HLT_Ele200_CaloIdVT_GsfTrkIdT, Bool_t
HLT_Ele20_WPLoose_Gsf, Bool_t
HLT_Ele20_WPTight_Gsf, Bool_t
HLT_Ele20_eta2p1_WPLoose_Gsf, Bool_t
HLT_Ele23_CaloIdL_TrackIdL_IsoVL_PFJet30, Bool_t
HLT_Ele23_CaloIdM_TrackIdM_PFJet30, Bool_t
HLT_Ele23_Ele12_CaloIdL_TrackIdL_IsoVL, Bool_t
HLT_Ele23_Ele12_CaloIdL_TrackIdL_IsoVL_DZ, Bool_t
HLT_Ele24_eta2p1_WPTight_Gsf_LooseChargedIsoPFTauHPS30_eta2p1_CrossL1, Bool_t
HLT_Ele24_eta2p1_WPTight_Gsf_LooseChargedIsoPFTauHPS30_eta2p1_TightID_CrossL1, Bool_t
HLT_Ele24_eta2p1_WPTight_Gsf_MediumChargedIsoPFTauHPS30_eta2p1_CrossL1, Bool_t
HLT_Ele24_eta2p1_WPTight_Gsf_MediumChargedIsoPFTauHPS30_eta2p1_TightID_CrossL1, Bool_t
HLT_Ele24_eta2p1_WPTight_Gsf_TightChargedIsoPFTauHPS30_eta2p1_CrossL1, Bool_t
HLT_Ele24_eta2p1_WPTight_Gsf_TightChargedIsoPFTauHPS30_eta2p1_TightID_CrossL1, Bool_t
HLT_Ele250_CaloIdVT_GsfTrkIdT, Bool_t
HLT_Ele27_Ele37_CaloIdL_MW, Bool_t
HLT_Ele27_WPTight_Gsf, Bool_t
HLT_Ele28_HighEta_SC20_Mass55, Bool_t
HLT_Ele28_WPTight_Gsf, Bool_t
HLT_Ele28_eta2p1_WPTight_Gsf_HT150, Bool_t
HLT_Ele300_CaloIdVT_GsfTrkIdT, Bool_t
HLT_Ele30_WPTight_Gsf, Bool_t
HLT_Ele30_eta2p1_WPTight_Gsf_CentralPFJet35_EleCleaned, Bool_t
HLT_Ele32_WPTight_Gsf, Bool_t
HLT_Ele32_WPTight_Gsf_L1DoubleEG, Bool_t
HLT_Ele35_WPTight_Gsf, Bool_t
HLT_Ele35_WPTight_Gsf_L1EGMT, Bool_t
HLT_Ele38_WPTight_Gsf, Bool_t
HLT_Ele40_WPTight_Gsf, Bool_t
HLT_Ele50_CaloIdVT_GsfTrkIdT_PFJet165, Bool_t
HLT_Ele50_IsoVVVL_PFHT450, Bool_t
HLT_Ele8_CaloIdL_TrackIdL_IsoVL_PFJet30, Bool_t
HLT_Ele8_CaloIdM_TrackIdM_PFJet30, Bool_t
HLT_HT300_Beamspot, Bool_t
HLT_HT400_DisplacedDijet40_DisplacedTrack, Bool_t
HLT_HT425, Bool_t
HLT_HT430_DisplacedDijet40_DisplacedTrack, Bool_t
HLT_HT430_DisplacedDijet60_DisplacedTrack, Bool_t
HLT_HT450_Beamspot, Bool_t
HLT_HT500_DisplacedDijet40_DisplacedTrack, Bool_t
HLT_HT550_DisplacedDijet60_Inclusive, Bool_t
HLT_HT650_DisplacedDijet60_Inclusive, Bool_t
HLT_HcalCalibration, Bool_t
HLT_HcalIsolatedbunch, Bool_t
HLT_HcalNZS, Bool_t
HLT_HcalPhiSym, Bool_t
HLT_IsoMu20, Bool_t
HLT_IsoMu20_eta2p1_LooseChargedIsoPFTauHPS27_eta2p1_CrossL1, Bool_t
HLT_IsoMu20_eta2p1_LooseChargedIsoPFTauHPS27_eta2p1_TightID_CrossL1, Bool_t
HLT_IsoMu20_eta2p1_MediumChargedIsoPFTauHPS27_eta2p1_CrossL1, Bool_t
HLT_IsoMu20_eta2p1_MediumChargedIsoPFTauHPS27_eta2p1_TightID_CrossL1, Bool_t
HLT_IsoMu20_eta2p1_TightChargedIsoPFTauHPS27_eta2p1_CrossL1, Bool_t
HLT_IsoMu20_eta2p1_TightChargedIsoPFTauHPS27_eta2p1_TightID_CrossL1, Bool_t
HLT_IsoMu24, Bool_t
HLT_IsoMu24_TwoProngs35, Bool_t
HLT_IsoMu24_eta2p1, Bool_t
HLT_IsoMu24_eta2p1_MediumChargedIsoPFTau50_Trk30_eta2p1_1pr, Bool_t
HLT_IsoMu24_eta2p1_MediumChargedIsoPFTauHPS35_Trk1_TightID_eta2p1_Reg_CrossL1, Bool_t
HLT_IsoMu24_eta2p1_MediumChargedIsoPFTauHPS35_Trk1_eta2p1_Reg_CrossL1, Bool_t
HLT_IsoMu24_eta2p1_TightChargedIsoPFTauHPS35_Trk1_TightID_eta2p1_Reg_CrossL1, Bool_t
HLT_IsoMu24_eta2p1_TightChargedIsoPFTauHPS35_Trk1_eta2p1_Reg_CrossL1, Bool_t
HLT_IsoMu27, Bool_t
HLT_IsoMu27_LooseChargedIsoPFTauHPS20_Trk1_eta2p1_SingleL1, Bool_t
HLT_IsoMu27_MET90, Bool_t
HLT_IsoMu27_MediumChargedIsoPFTauHPS20_Trk1_eta2p1_SingleL1, Bool_t
HLT_IsoMu27_TightChargedIsoPFTauHPS20_Trk1_eta2p1_SingleL1, Bool_t
HLT_IsoMu30, Bool_t
HLT_IsoTrackHB, Bool_t
HLT_IsoTrackHE, Bool_t
HLT_L1ETMHadSeeds, Bool_t
HLT_L1NotBptxOR, Bool_t
HLT_L1SingleMu18, Bool_t
HLT_L1SingleMu25, Bool_t
HLT_L1UnpairedBunchBptxMinus, Bool_t
HLT_L1UnpairedBunchBptxPlus, Bool_t
HLT_L1_CDC_SingleMu_3_er1p2_TOP120_DPHI2p618_3p142, Bool_t
HLT_L2Mu10, Bool_t
HLT_L2Mu10_NoVertex_NoBPTX, Bool_t
HLT_L2Mu10_NoVertex_NoBPTX3BX, Bool_t
HLT_L2Mu23NoVtx_2Cha, Bool_t
HLT_L2Mu23NoVtx_2Cha_CosmicSeed, Bool_t
HLT_L2Mu40_NoVertex_3Sta_NoBPTX3BX, Bool_t
HLT_L2Mu45_NoVertex_3Sta_NoBPTX3BX, Bool_t
HLT_L2Mu50, Bool_t
HLT_MET105_IsoTrk50, Bool_t
HLT_MET120_IsoTrk50, Bool_t
HLT_MediumChargedIsoPFTau180HighPtRelaxedIso_Trk50_eta2p1, Bool_t
HLT_MediumChargedIsoPFTau180HighPtRelaxedIso_Trk50_eta2p1_1pr, Bool_t
HLT_MediumChargedIsoPFTau200HighPtRelaxedIso_Trk50_eta2p1, Bool_t
HLT_MediumChargedIsoPFTau220HighPtRelaxedIso_Trk50_eta2p1, Bool_t
HLT_MediumChargedIsoPFTau50_Trk30_eta2p1_1pr, Bool_t
HLT_MediumChargedIsoPFTau50_Trk30_eta2p1_1pr_MET100, Bool_t
HLT_MediumChargedIsoPFTau50_Trk30_eta2p1_1pr_MET110, Bool_t
HLT_MediumChargedIsoPFTau50_Trk30_eta2p1_1pr_MET120, Bool_t
HLT_MediumChargedIsoPFTau50_Trk30_eta2p1_1pr_MET130, Bool_t
HLT_MediumChargedIsoPFTau50_Trk30_eta2p1_1pr_MET140, Bool_t
HLT_MediumChargedIsoPFTau50_Trk30_eta2p1_1pr_MET90, Bool_t
HLT_MonoCentralPFJet80_PFMETNoMu110_PFMHTNoMu110_IDTight, Bool_t
HLT_MonoCentralPFJet80_PFMETNoMu120_PFMHTNoMu120_IDTight, Bool_t
HLT_MonoCentralPFJet80_PFMETNoMu130_PFMHTNoMu130_IDTight, Bool_t
HLT_MonoCentralPFJet80_PFMETNoMu140_PFMHTNoMu140_IDTight, Bool_t
HLT_Mu10_TrkIsoVVL_DiPFJet40_DEta3p5_MJJ750_HTT350_PFMETNoMu60, Bool_t
HLT_Mu12, Bool_t
HLT_Mu12_DoublePFJets100_CaloBTagDeepCSV_p71, Bool_t
HLT_Mu12_DoublePFJets200_CaloBTagDeepCSV_p71, Bool_t
HLT_Mu12_DoublePFJets350_CaloBTagDeepCSV_p71, Bool_t
HLT_Mu12_DoublePFJets40MaxDeta1p6_DoubleCaloBTagDeepCSV_p71, Bool_t
HLT_Mu12_DoublePFJets40_CaloBTagDeepCSV_p71, Bool_t
HLT_Mu12_DoublePFJets54MaxDeta1p6_DoubleCaloBTagDeepCSV_p71, Bool_t
HLT_Mu12_DoublePFJets62MaxDeta1p6_DoubleCaloBTagDeepCSV_p71, Bool_t
HLT_Mu12_DoublePhoton20, Bool_t
HLT_Mu12_IP6_part0, Bool_t
HLT_Mu12_IP6_part1, Bool_t
HLT_Mu12_IP6_part2, Bool_t
HLT_Mu12_IP6_part3, Bool_t
HLT_Mu12_IP6_part4, Bool_t
HLT_Mu12_TrkIsoVVL_Ele23_CaloIdL_TrackIdL_IsoVL, Bool_t
HLT_Mu12_TrkIsoVVL_Ele23_CaloIdL_TrackIdL_IsoVL_DZ, Bool_t
HLT_Mu15, Bool_t
HLT_Mu15_IsoVVVL_PFHT450, Bool_t
HLT_Mu15_IsoVVVL_PFHT450_CaloBTagDeepCSV_4p5, Bool_t
HLT_Mu15_IsoVVVL_PFHT450_PFMET50, Bool_t
HLT_Mu15_IsoVVVL_PFHT600, Bool_t
HLT_Mu17, Bool_t
HLT_Mu17_Photon30_IsoCaloId, Bool_t
HLT_Mu17_TrkIsoVVL, Bool_t
HLT_Mu17_TrkIsoVVL_Mu8_TrkIsoVVL, Bool_t
HLT_Mu17_TrkIsoVVL_Mu8_TrkIsoVVL_DZ, Bool_t
HLT_Mu17_TrkIsoVVL_Mu8_TrkIsoVVL_DZ_Mass3p8, Bool_t
HLT_Mu17_TrkIsoVVL_Mu8_TrkIsoVVL_DZ_Mass8, Bool_t
HLT_Mu18_Mu9, Bool_t
HLT_Mu18_Mu9_DZ, Bool_t
HLT_Mu18_Mu9_SameSign, Bool_t
HLT_Mu18_Mu9_SameSign_DZ, Bool_t
HLT_Mu19, Bool_t
HLT_Mu19_TrkIsoVVL, Bool_t
HLT_Mu19_TrkIsoVVL_Mu9_TrkIsoVVL, Bool_t
HLT_Mu19_TrkIsoVVL_Mu9_TrkIsoVVL_DZ, Bool_t
HLT_Mu19_TrkIsoVVL_Mu9_TrkIsoVVL_DZ_Mass3p8, Bool_t
HLT_Mu19_TrkIsoVVL_Mu9_TrkIsoVVL_DZ_Mass8, Bool_t
HLT_Mu20, Bool_t
HLT_Mu20_Mu10, Bool_t
HLT_Mu20_Mu10_DZ, Bool_t
HLT_Mu20_Mu10_SameSign, Bool_t
HLT_Mu20_Mu10_SameSign_DZ, Bool_t
HLT_Mu20_TkMu0_Phi, Bool_t
HLT_Mu23_Mu12, Bool_t
HLT_Mu23_Mu12_DZ, Bool_t
HLT_Mu23_Mu12_SameSign, Bool_t
HLT_Mu23_Mu12_SameSign_DZ, Bool_t
HLT_Mu23_TrkIsoVVL_Ele12_CaloIdL_TrackIdL_IsoVL, Bool_t
HLT_Mu23_TrkIsoVVL_Ele12_CaloIdL_TrackIdL_IsoVL_DZ, Bool_t
HLT_Mu25_TkMu0_Onia, Bool_t
HLT_Mu25_TkMu0_Phi, Bool_t
HLT_Mu27, Bool_t
HLT_Mu27_Ele37_CaloIdL_MW, Bool_t
HLT_Mu30_TkMu0_Psi, Bool_t
HLT_Mu30_TkMu0_Upsilon, Bool_t
HLT_Mu37_Ele27_CaloIdL_MW, Bool_t
HLT_Mu37_TkMu27, Bool_t
HLT_Mu38NoFiltersNoVtxDisplaced_Photon38_CaloIdL, Bool_t
HLT_Mu3_L1SingleMu5orSingleMu7, Bool_t
HLT_Mu3_PFJet40, Bool_t
HLT_Mu3er1p5_PFJet100er2p5_PFMET100_PFMHT100_IDTight, Bool_t
HLT_Mu3er1p5_PFJet100er2p5_PFMET70_PFMHT70_IDTight, Bool_t
HLT_Mu3er1p5_PFJet100er2p5_PFMET80_PFMHT80_IDTight, Bool_t
HLT_Mu3er1p5_PFJet100er2p5_PFMET90_PFMHT90_IDTight, Bool_t
HLT_Mu3er1p5_PFJet100er2p5_PFMETNoMu100_PFMHTNoMu100_IDTight, Bool_t
HLT_Mu3er1p5_PFJet100er2p5_PFMETNoMu70_PFMHTNoMu70_IDTight, Bool_t
HLT_Mu3er1p5_PFJet100er2p5_PFMETNoMu80_PFMHTNoMu80_IDTight, Bool_t
HLT_Mu3er1p5_PFJet100er2p5_PFMETNoMu90_PFMHTNoMu90_IDTight, Bool_t
HLT_Mu43NoFiltersNoVtxDisplaced_Photon43_CaloIdL, Bool_t
HLT_Mu43NoFiltersNoVtx_Photon43_CaloIdL, Bool_t
HLT_Mu48NoFiltersNoVtx_Photon48_CaloIdL, Bool_t
HLT_Mu4_TrkIsoVVL_DiPFJet90_40_DEta3p5_MJJ750_HTT300_PFMETNoMu60, Bool_t
HLT_Mu50, Bool_t
HLT_Mu50_IsoVVVL_PFHT450, Bool_t
HLT_Mu55, Bool_t
HLT_Mu7_IP4_part0, Bool_t
HLT_Mu7_IP4_part1, Bool_t
HLT_Mu7_IP4_part2, Bool_t
HLT_Mu7_IP4_part3, Bool_t
HLT_Mu7_IP4_part4, Bool_t
HLT_Mu7p5_L2Mu2_Jpsi, Bool_t
HLT_Mu7p5_L2Mu2_Upsilon, Bool_t
HLT_Mu7p5_Track2_Jpsi, Bool_t
HLT_Mu7p5_Track2_Upsilon, Bool_t
HLT_Mu7p5_Track3p5_Jpsi, Bool_t
HLT_Mu7p5_Track3p5_Upsilon, Bool_t
HLT_Mu7p5_Track7_Jpsi, Bool_t
HLT_Mu7p5_Track7_Upsilon, Bool_t
HLT_Mu8, Bool_t
HLT_Mu8_DiEle12_CaloIdL_TrackIdL, Bool_t
HLT_Mu8_DiEle12_CaloIdL_TrackIdL_DZ, Bool_t
HLT_Mu8_Ele8_CaloIdM_TrackIdM_Mass8_PFHT350, Bool_t
HLT_Mu8_Ele8_CaloIdM_TrackIdM_Mass8_PFHT350_DZ, Bool_t
HLT_Mu8_IP3_part0, Bool_t
HLT_Mu8_IP3_part1, Bool_t
HLT_Mu8_IP3_part2, Bool_t
HLT_Mu8_IP3_part3, Bool_t
HLT_Mu8_IP3_part4, Bool_t
HLT_Mu8_IP5_part0, Bool_t
HLT_Mu8_IP5_part1, Bool_t
HLT_Mu8_IP5_part2, Bool_t
HLT_Mu8_IP5_part3, Bool_t
HLT_Mu8_IP5_part4, Bool_t
HLT_Mu8_IP6_part0, Bool_t
HLT_Mu8_IP6_part1, Bool_t
HLT_Mu8_IP6_part2, Bool_t
HLT_Mu8_IP6_part3, Bool_t
HLT_Mu8_IP6_part4, Bool_t
HLT_Mu8_TrkIsoVVL, Bool_t
HLT_Mu8_TrkIsoVVL_DiPFJet40_DEta3p5_MJJ750_HTT300_PFMETNoMu60, Bool_t
HLT_Mu8_TrkIsoVVL_Ele23_CaloIdL_TrackIdL_IsoVL, Bool_t
HLT_Mu8_TrkIsoVVL_Ele23_CaloIdL_TrackIdL_IsoVL_DZ, Bool_t
HLT_Mu8_TrkIsoVVL_Ele23_CaloIdL_TrackIdL_IsoVL_DZ_CaloDiJet30, Bool_t
HLT_Mu8_TrkIsoVVL_Ele23_CaloIdL_TrackIdL_IsoVL_DZ_CaloDiJet30_CaloBtagDeepCSV_1p5, Bool_t
HLT_Mu8_TrkIsoVVL_Ele23_CaloIdL_TrackIdL_IsoVL_DZ_PFDiJet30, Bool_t
HLT_Mu8_TrkIsoVVL_Ele23_CaloIdL_TrackIdL_IsoVL_DZ_PFDiJet30_PFBtagDeepCSV_1p5, Bool_t
HLT_Mu9_IP4_part0, Bool_t
HLT_Mu9_IP4_part1, Bool_t
HLT_Mu9_IP4_part2, Bool_t
HLT_Mu9_IP4_part3, Bool_t
HLT_Mu9_IP4_part4, Bool_t
HLT_Mu9_IP5_part0, Bool_t
HLT_Mu9_IP5_part1, Bool_t
HLT_Mu9_IP5_part2, Bool_t
HLT_Mu9_IP5_part3, Bool_t
HLT_Mu9_IP5_part4, Bool_t
HLT_Mu9_IP6_part0, Bool_t
HLT_Mu9_IP6_part1, Bool_t
HLT_Mu9_IP6_part2, Bool_t
HLT_Mu9_IP6_part3, Bool_t
HLT_Mu9_IP6_part4, Bool_t
HLT_OldMu100, Bool_t
HLT_PFHT1050, Bool_t
HLT_PFHT180, Bool_t
HLT_PFHT250, Bool_t
HLT_PFHT330PT30_QuadPFJet_75_60_45_40, Bool_t
HLT_PFHT330PT30_QuadPFJet_75_60_45_40_TriplePFBTagDeepCSV_4p5, Bool_t
HLT_PFHT350, Bool_t
HLT_PFHT350MinPFJet15, Bool_t
HLT_PFHT370, Bool_t
HLT_PFHT400_SixPFJet32, Bool_t
HLT_PFHT400_SixPFJet32_DoublePFBTagDeepCSV_2p94, Bool_t
HLT_PFHT430, Bool_t
HLT_PFHT450_SixPFJet36, Bool_t
HLT_PFHT450_SixPFJet36_PFBTagDeepCSV_1p59, Bool_t
HLT_PFHT500_PFMET100_PFMHT100_IDTight, Bool_t
HLT_PFHT500_PFMET110_PFMHT110_IDTight, Bool_t
HLT_PFHT510, Bool_t
HLT_PFHT590, Bool_t
HLT_PFHT680, Bool_t
HLT_PFHT700_PFMET85_PFMHT85_IDTight, Bool_t
HLT_PFHT700_PFMET95_PFMHT95_IDTight, Bool_t
HLT_PFHT780, Bool_t
HLT_PFHT800_PFMET75_PFMHT75_IDTight, Bool_t
HLT_PFHT800_PFMET85_PFMHT85_IDTight, Bool_t
HLT_PFHT890, Bool_t
HLT_PFJet140, Bool_t
HLT_PFJet15, Bool_t
HLT_PFJet200, Bool_t
HLT_PFJet25, Bool_t
HLT_PFJet260, Bool_t
HLT_PFJet320, Bool_t
HLT_PFJet40, Bool_t
HLT_PFJet400, Bool_t
HLT_PFJet450, Bool_t
HLT_PFJet500, Bool_t
HLT_PFJet550, Bool_t
HLT_PFJet60, Bool_t
HLT_PFJet80, Bool_t
HLT_PFJetFwd140, Bool_t
HLT_PFJetFwd15, Bool_t
HLT_PFJetFwd200, Bool_t
HLT_PFJetFwd25, Bool_t
HLT_PFJetFwd260, Bool_t
HLT_PFJetFwd320, Bool_t
HLT_PFJetFwd40, Bool_t
HLT_PFJetFwd400, Bool_t
HLT_PFJetFwd450, Bool_t
HLT_PFJetFwd500, Bool_t
HLT_PFJetFwd60, Bool_t
HLT_PFJetFwd80, Bool_t
HLT_PFMET100_PFMHT100_IDTight_CaloBTagDeepCSV_3p1, Bool_t
HLT_PFMET100_PFMHT100_IDTight_PFHT60, Bool_t
HLT_PFMET110_PFMHT110_IDTight, Bool_t
HLT_PFMET110_PFMHT110_IDTight_CaloBTagDeepCSV_3p1, Bool_t
HLT_PFMET120_PFMHT120_IDTight, Bool_t
HLT_PFMET120_PFMHT120_IDTight_CaloBTagDeepCSV_3p1, Bool_t
HLT_PFMET120_PFMHT120_IDTight_PFHT60, Bool_t
HLT_PFMET130_PFMHT130_IDTight, Bool_t
HLT_PFMET130_PFMHT130_IDTight_CaloBTagDeepCSV_3p1, Bool_t
HLT_PFMET140_PFMHT140_IDTight, Bool_t
HLT_PFMET140_PFMHT140_IDTight_CaloBTagDeepCSV_3p1, Bool_t
HLT_PFMET200_HBHECleaned, Bool_t
HLT_PFMET200_HBHE_BeamHaloCleaned, Bool_t
HLT_PFMET200_NotCleaned, Bool_t
HLT_PFMET250_HBHECleaned, Bool_t
HLT_PFMET300_HBHECleaned, Bool_t
HLT_PFMETNoMu100_PFMHTNoMu100_IDTight_PFHT60, Bool_t
HLT_PFMETNoMu110_PFMHTNoMu110_IDTight, Bool_t
HLT_PFMETNoMu120_PFMHTNoMu120_IDTight, Bool_t
HLT_PFMETNoMu120_PFMHTNoMu120_IDTight_PFHT60, Bool_t
HLT_PFMETNoMu130_PFMHTNoMu130_IDTight, Bool_t
HLT_PFMETNoMu140_PFMHTNoMu140_IDTight, Bool_t
HLT_PFMETTypeOne100_PFMHT100_IDTight_PFHT60, Bool_t
HLT_PFMETTypeOne110_PFMHT110_IDTight, Bool_t
HLT_PFMETTypeOne120_PFMHT120_IDTight, Bool_t
HLT_PFMETTypeOne120_PFMHT120_IDTight_PFHT60, Bool_t
HLT_PFMETTypeOne130_PFMHT130_IDTight, Bool_t
HLT_PFMETTypeOne140_PFMHT140_IDTight, Bool_t
HLT_PFMETTypeOne200_HBHE_BeamHaloCleaned, Bool_t
HLT_Photon100EBHE10, Bool_t
HLT_Photon100EB_TightID_TightIso, Bool_t
HLT_Photon100EEHE10, Bool_t
HLT_Photon100EE_TightID_TightIso, Bool_t
HLT_Photon110EB_TightID_TightIso, Bool_t
HLT_Photon120, Bool_t
HLT_Photon120EB_TightID_TightIso, Bool_t
HLT_Photon120_R9Id90_HE10_IsoM, Bool_t
HLT_Photon150, Bool_t
HLT_Photon165_R9Id90_HE10_IsoM, Bool_t
HLT_Photon175, Bool_t
HLT_Photon20, Bool_t
HLT_Photon200, Bool_t
HLT_Photon20_HoverELoose, Bool_t
HLT_Photon300_NoHE, Bool_t
HLT_Photon30_HoverELoose, Bool_t
HLT_Photon33, Bool_t
HLT_Photon35_TwoProngs35, Bool_t
HLT_Photon50, Bool_t
HLT_Photon50_R9Id90_HE10_IsoM, Bool_t
HLT_Photon50_R9Id90_HE10_IsoM_EBOnly_PFJetsMJJ300DEta3_PFMET50, Bool_t
HLT_Photon60_R9Id90_CaloIdL_IsoL, Bool_t
HLT_Photon60_R9Id90_CaloIdL_IsoL_DisplacedIdL, Bool_t
HLT_Photon60_R9Id90_CaloIdL_IsoL_DisplacedIdL_PFHT350MinPFJet15, Bool_t
HLT_Photon75, Bool_t
HLT_Photon75_R9Id90_HE10_IsoM, Bool_t
HLT_Photon75_R9Id90_HE10_IsoM_EBOnly_CaloMJJ300_PFJetsMJJ400DEta3, Bool_t
HLT_Photon75_R9Id90_HE10_IsoM_EBOnly_CaloMJJ400_PFJetsMJJ600DEta3, Bool_t
HLT_Photon75_R9Id90_HE10_IsoM_EBOnly_PFJetsMJJ300DEta3, Bool_t
HLT_Photon75_R9Id90_HE10_IsoM_EBOnly_PFJetsMJJ600DEta3, Bool_t
HLT_Photon90, Bool_t
HLT_Photon90_CaloIdL_PFHT700, Bool_t
HLT_Photon90_R9Id90_HE10_IsoM, Bool_t
HLT_Physics, Bool_t
HLT_Physics_part0, Bool_t
HLT_Physics_part1, Bool_t
HLT_Physics_part2, Bool_t
HLT_Physics_part3, Bool_t
HLT_Physics_part4, Bool_t
HLT_Physics_part5, Bool_t
HLT_Physics_part6, Bool_t
HLT_Physics_part7, Bool_t
HLT_QuadPFJet103_88_75_15, Bool_t
HLT_QuadPFJet103_88_75_15_DoublePFBTagDeepCSV_1p3_7p7_VBF1, Bool_t
HLT_QuadPFJet103_88_75_15_PFBTagDeepCSV_1p3_VBF2, Bool_t
HLT_QuadPFJet105_88_76_15, Bool_t
HLT_QuadPFJet105_88_76_15_DoublePFBTagDeepCSV_1p3_7p7_VBF1, Bool_t
HLT_QuadPFJet105_88_76_15_PFBTagDeepCSV_1p3_VBF2, Bool_t
HLT_QuadPFJet111_90_80_15, Bool_t
HLT_QuadPFJet111_90_80_15_DoublePFBTagDeepCSV_1p3_7p7_VBF1, Bool_t
HLT_QuadPFJet111_90_80_15_PFBTagDeepCSV_1p3_VBF2, Bool_t
HLT_QuadPFJet98_83_71_15, Bool_t
HLT_QuadPFJet98_83_71_15_DoublePFBTagDeepCSV_1p3_7p7_VBF1, Bool_t
HLT_QuadPFJet98_83_71_15_PFBTagDeepCSV_1p3_VBF2, Bool_t
HLT_Random, Bool_t
HLT_Rsq0p35, Bool_t
HLT_Rsq0p40, Bool_t
HLT_RsqMR300_Rsq0p09_MR200, Bool_t
HLT_RsqMR300_Rsq0p09_MR200_4jet, Bool_t
HLT_RsqMR320_Rsq0p09_MR200, Bool_t
HLT_RsqMR320_Rsq0p09_MR200_4jet, Bool_t
HLT_SingleJet30_Mu12_SinglePFJet40, Bool_t
HLT_SinglePhoton10_Eta3p1ForPPRef, Bool_t
HLT_SinglePhoton20_Eta3p1ForPPRef, Bool_t
HLT_SinglePhoton30_Eta3p1ForPPRef, Bool_t
HLT_Tau3Mu_Mu7_Mu1_TkMu1_IsoTau15, Bool_t
HLT_Tau3Mu_Mu7_Mu1_TkMu1_IsoTau15_Charge1, Bool_t
HLT_Tau3Mu_Mu7_Mu1_TkMu1_Tau15, Bool_t
HLT_Tau3Mu_Mu7_Mu1_TkMu1_Tau15_Charge1, Bool_t
HLT_TkMu100, Bool_t
HLT_Trimuon5_3p5_2_Upsilon_Muon, Bool_t
HLT_TrimuonOpen_5_3p5_2_Upsilon_Muon, Bool_t
HLT_TripleJet110_35_35_Mjj650_PFMET110, Bool_t
HLT_TripleJet110_35_35_Mjj650_PFMET120, Bool_t
HLT_TripleJet110_35_35_Mjj650_PFMET130, Bool_t
HLT_TripleMu_10_5_5_DZ, Bool_t
HLT_TripleMu_12_10_5, Bool_t
HLT_TripleMu_5_3_3_Mass3p8_DCA, Bool_t
HLT_TripleMu_5_3_3_Mass3p8_DZ, Bool_t
HLT_TriplePhoton_20_20_20_CaloIdLV2, Bool_t
HLT_TriplePhoton_20_20_20_CaloIdLV2_R9IdVL, Bool_t
HLT_TriplePhoton_30_30_10_CaloIdLV2, Bool_t
HLT_TriplePhoton_30_30_10_CaloIdLV2_R9IdVL, Bool_t
HLT_TriplePhoton_35_35_5_CaloIdLV2_R9IdVL, Bool_t
HLT_TrkMu12_DoubleTrkMu5NoFiltersNoVtx, Bool_t
HLT_TrkMu16NoFiltersNoVtx, Bool_t
HLT_TrkMu16_DoubleTrkMu6NoFiltersNoVtx, Bool_t
HLT_TrkMu17_DoubleTrkMu8NoFiltersNoVtx, Bool_t
HLT_TrkMu6NoFiltersNoVtx, Bool_t
HLT_UncorrectedJetE30_NoBPTX, Bool_t
HLT_UncorrectedJetE30_NoBPTX3BX, Bool_t
HLT_UncorrectedJetE60_NoBPTX3BX, Bool_t
HLT_UncorrectedJetE70_NoBPTX3BX, Bool_t
HLT_VBF_DoubleLooseChargedIsoPFTauHPS20_Trk1_eta2p1, Bool_t
HLT_VBF_DoubleMediumChargedIsoPFTauHPS20_Trk1_eta2p1, Bool_t
HLT_VBF_DoubleTightChargedIsoPFTauHPS20_Trk1_eta2p1, Bool_t
HLT_ZeroBias, Bool_t
HLT_ZeroBias_Alignment, Bool_t
HLT_ZeroBias_Beamspot, Bool_t
HLT_ZeroBias_FirstBXAfterTrain, Bool_t
HLT_ZeroBias_FirstCollisionAfterAbortGap, Bool_t
HLT_ZeroBias_FirstCollisionInTrain, Bool_t
HLT_ZeroBias_IsolatedBunches, Bool_t
HLT_ZeroBias_LastCollisionInTrain, Bool_t
HLT_ZeroBias_part0, Bool_t
HLT_ZeroBias_part1, Bool_t
HLT_ZeroBias_part2, Bool_t
HLT_ZeroBias_part3, Bool_t
HLT_ZeroBias_part4, Bool_t
HLT_ZeroBias_part5, Bool_t
HLT_ZeroBias_part6, Bool_t
HLT_ZeroBias_part7, Bool_t
HLTriggerFinalPath, Bool_t
HLTriggerFirstPath, Bool_t
HTXS_Higgs_pt, Float_t
HTXS_Higgs_y, Float_t
HTXS_njets25, UChar_t
HTXS_njets30, UChar_t
HTXS_stage1_1_cat_pTjet25GeV, Int_t
HTXS_stage1_1_cat_pTjet30GeV, Int_t
HTXS_stage1_1_fine_cat_pTjet25GeV, Int_t
HTXS_stage1_1_fine_cat_pTjet30GeV, Int_t
HTXS_stage1_2_cat_pTjet25GeV, Int_t
HTXS_stage1_2_cat_pTjet30GeV, Int_t
HTXS_stage1_2_fine_cat_pTjet25GeV, Int_t
HTXS_stage1_2_fine_cat_pTjet30GeV, Int_t
HTXS_stage_0, Int_t
HTXS_stage_1_pTjet25, Int_t
HTXS_stage_1_pTjet30, Int_t
IsoTrack_charge, ROOT::VecOps::RVec<Int_t>
IsoTrack_dxy, ROOT::VecOps::RVec<Float_t>
IsoTrack_dz, ROOT::VecOps::RVec<Float_t>
IsoTrack_eta, ROOT::VecOps::RVec<Float_t>
IsoTrack_fromPV, ROOT::VecOps::RVec<Int_t>
IsoTrack_isFromLostTrack, ROOT::VecOps::RVec<Bool_t>
IsoTrack_isHighPurityTrack, ROOT::VecOps::RVec<Bool_t>
IsoTrack_isPFcand, ROOT::VecOps::RVec<Bool_t>
IsoTrack_miniPFRelIso_all, ROOT::VecOps::RVec<Float_t>
IsoTrack_miniPFRelIso_chg, ROOT::VecOps::RVec<Float_t>
IsoTrack_pdgId, ROOT::VecOps::RVec<Int_t>
IsoTrack_pfRelIso03_all, ROOT::VecOps::RVec<Float_t>
IsoTrack_pfRelIso03_chg, ROOT::VecOps::RVec<Float_t>
IsoTrack_phi, ROOT::VecOps::RVec<Float_t>
IsoTrack_pt, ROOT::VecOps::RVec<Float_t>
Jet_area, ROOT::VecOps::RVec<Float_t>
Jet_bRegCorr, ROOT::VecOps::RVec<Float_t>
Jet_bRegRes, ROOT::VecOps::RVec<Float_t>
Jet_btagCSVV2, ROOT::VecOps::RVec<Float_t>
Jet_btagDeepB, ROOT::VecOps::RVec<Float_t>
Jet_btagDeepCvB, ROOT::VecOps::RVec<Float_t>
Jet_btagDeepCvL, ROOT::VecOps::RVec<Float_t>
Jet_btagDeepFlavB, ROOT::VecOps::RVec<Float_t>
Jet_btagDeepFlavCvB, ROOT::VecOps::RVec<Float_t>
Jet_btagDeepFlavCvL, ROOT::VecOps::RVec<Float_t>
Jet_btagDeepFlavQG, ROOT::VecOps::RVec<Float_t>
Jet_cRegCorr, ROOT::VecOps::RVec<Float_t>
Jet_cRegRes, ROOT::VecOps::RVec<Float_t>
Jet_chEmEF, ROOT::VecOps::RVec<Float_t>
Jet_chFPV0EF, ROOT::VecOps::RVec<Float_t>
Jet_chHEF, ROOT::VecOps::RVec<Float_t>
Jet_cleanmask, ROOT::VecOps::RVec<UChar_t>
Jet_electronIdx1, ROOT::VecOps::RVec<Int_t>
Jet_electronIdx2, ROOT::VecOps::RVec<Int_t>
Jet_eta, ROOT::VecOps::RVec<Float_t>
Jet_genJetIdx, ROOT::VecOps::RVec<Int_t>
Jet_hadronFlavour, ROOT::VecOps::RVec<Int_t>
Jet_hfadjacentEtaStripsSize, ROOT::VecOps::RVec<Int_t>
Jet_hfcentralEtaStripSize, ROOT::VecOps::RVec<Int_t>
Jet_hfsigmaEtaEta, ROOT::VecOps::RVec<Float_t>
Jet_hfsigmaPhiPhi, ROOT::VecOps::RVec<Float_t>
Jet_jetId, ROOT::VecOps::RVec<Int_t>
Jet_mass, ROOT::VecOps::RVec<Float_t>
Jet_muEF, ROOT::VecOps::RVec<Float_t>
Jet_muonIdx1, ROOT::VecOps::RVec<Int_t>
Jet_muonIdx2, ROOT::VecOps::RVec<Int_t>
Jet_muonSubtrFactor, ROOT::VecOps::RVec<Float_t>
Jet_nConstituents, ROOT::VecOps::RVec<UChar_t>
Jet_nElectrons, ROOT::VecOps::RVec<Int_t>
Jet_nMuons, ROOT::VecOps::RVec<Int_t>
Jet_neEmEF, ROOT::VecOps::RVec<Float_t>
Jet_neHEF, ROOT::VecOps::RVec<Float_t>
Jet_partonFlavour, ROOT::VecOps::RVec<Int_t>
Jet_phi, ROOT::VecOps::RVec<Float_t>
Jet_pt, ROOT::VecOps::RVec<Float_t>
Jet_puId, ROOT::VecOps::RVec<Int_t>
Jet_puIdDisc, ROOT::VecOps::RVec<Float_t>
Jet_qgl, ROOT::VecOps::RVec<Float_t>
Jet_rawFactor, ROOT::VecOps::RVec<Float_t>
L1PreFiringWeight_Dn, Float_t
L1PreFiringWeight_ECAL_Dn, Float_t
L1PreFiringWeight_ECAL_Nom, Float_t
L1PreFiringWeight_ECAL_Up, Float_t
L1PreFiringWeight_Muon_Nom, Float_t
L1PreFiringWeight_Muon_StatDn, Float_t
L1PreFiringWeight_Muon_StatUp, Float_t
L1PreFiringWeight_Muon_SystDn, Float_t
L1PreFiringWeight_Muon_SystUp, Float_t
L1PreFiringWeight_Nom, Float_t
L1PreFiringWeight_Up, Float_t
L1Reco_step, Bool_t
L1_AlwaysTrue, Bool_t
L1_BPTX_AND_Ref1_VME, Bool_t
L1_BPTX_AND_Ref3_VME, Bool_t
L1_BPTX_AND_Ref4_VME, Bool_t
L1_BPTX_BeamGas_B1_VME, Bool_t
L1_BPTX_BeamGas_B2_VME, Bool_t
L1_BPTX_BeamGas_Ref1_VME, Bool_t
L1_BPTX_BeamGas_Ref2_VME, Bool_t
L1_BPTX_NotOR_VME, Bool_t
L1_BPTX_OR_Ref3_VME, Bool_t
L1_BPTX_OR_Ref4_VME, Bool_t
L1_BPTX_RefAND_VME, Bool_t
L1_BptxMinus, Bool_t
L1_BptxOR, Bool_t
L1_BptxPlus, Bool_t
L1_BptxXOR, Bool_t
L1_CDC_SingleMu_3_er1p2_TOP120_DPHI2p618_3p142, Bool_t
L1_DoubleEG8er2p5_HTT260er, Bool_t
L1_DoubleEG8er2p5_HTT280er, Bool_t
L1_DoubleEG8er2p5_HTT300er, Bool_t
L1_DoubleEG8er2p5_HTT320er, Bool_t
L1_DoubleEG8er2p5_HTT340er, Bool_t
L1_DoubleEG_15_10_er2p5, Bool_t
L1_DoubleEG_20_10_er2p5, Bool_t
L1_DoubleEG_22_10_er2p5, Bool_t
L1_DoubleEG_25_12_er2p5, Bool_t
L1_DoubleEG_25_14_er2p5, Bool_t
L1_DoubleEG_27_14_er2p5, Bool_t
L1_DoubleEG_LooseIso20_10_er2p5, Bool_t
L1_DoubleEG_LooseIso22_10_er2p5, Bool_t
L1_DoubleEG_LooseIso22_12_er2p5, Bool_t
L1_DoubleEG_LooseIso25_12_er2p5, Bool_t
L1_DoubleIsoTau32er2p1, Bool_t
L1_DoubleIsoTau34er2p1, Bool_t
L1_DoubleIsoTau36er2p1, Bool_t
L1_DoubleJet100er2p3_dEta_Max1p6, Bool_t
L1_DoubleJet100er2p5, Bool_t
L1_DoubleJet112er2p3_dEta_Max1p6, Bool_t
L1_DoubleJet120er2p5, Bool_t
L1_DoubleJet150er2p5, Bool_t
L1_DoubleJet30er2p5_Mass_Min150_dEta_Max1p5, Bool_t
L1_DoubleJet30er2p5_Mass_Min200_dEta_Max1p5, Bool_t
L1_DoubleJet30er2p5_Mass_Min250_dEta_Max1p5, Bool_t
L1_DoubleJet30er2p5_Mass_Min300_dEta_Max1p5, Bool_t
L1_DoubleJet30er2p5_Mass_Min330_dEta_Max1p5, Bool_t
L1_DoubleJet30er2p5_Mass_Min360_dEta_Max1p5, Bool_t
L1_DoubleJet35_Mass_Min450_IsoTau45_RmOvlp, Bool_t
L1_DoubleJet40er2p5, Bool_t
L1_DoubleJet_100_30_DoubleJet30_Mass_Min620, Bool_t
L1_DoubleJet_110_35_DoubleJet35_Mass_Min620, Bool_t
L1_DoubleJet_115_40_DoubleJet40_Mass_Min620, Bool_t
L1_DoubleJet_115_40_DoubleJet40_Mass_Min620_Jet60TT28, Bool_t
L1_DoubleJet_120_45_DoubleJet45_Mass_Min620, Bool_t
L1_DoubleJet_120_45_DoubleJet45_Mass_Min620_Jet60TT28, Bool_t
L1_DoubleJet_80_30_Mass_Min420_DoubleMu0_SQ, Bool_t
L1_DoubleJet_80_30_Mass_Min420_IsoTau40_RmOvlp, Bool_t
L1_DoubleJet_80_30_Mass_Min420_Mu8, Bool_t
L1_DoubleJet_90_30_DoubleJet30_Mass_Min620, Bool_t
L1_DoubleLooseIsoEG22er2p1, Bool_t
L1_DoubleLooseIsoEG24er2p1, Bool_t
L1_DoubleMu0, Bool_t
L1_DoubleMu0_Mass_Min1, Bool_t
L1_DoubleMu0_OQ, Bool_t
L1_DoubleMu0_SQ, Bool_t
L1_DoubleMu0_SQ_OS, Bool_t
L1_DoubleMu0_dR_Max1p6_Jet90er2p5_dR_Max0p8, Bool_t
L1_DoubleMu0er1p4_SQ_OS_dR_Max1p4, Bool_t
L1_DoubleMu0er1p5_SQ, Bool_t
L1_DoubleMu0er1p5_SQ_OS, Bool_t
L1_DoubleMu0er1p5_SQ_OS_dR_Max1p4, Bool_t
L1_DoubleMu0er1p5_SQ_dR_Max1p4, Bool_t
L1_DoubleMu0er2p0_SQ_OS_dR_Max1p4, Bool_t
L1_DoubleMu0er2p0_SQ_dR_Max1p4, Bool_t
L1_DoubleMu10_SQ, Bool_t
L1_DoubleMu18er2p1, Bool_t
L1_DoubleMu3_OS_DoubleEG7p5Upsilon, Bool_t
L1_DoubleMu3_SQ_ETMHF50_HTT60er, Bool_t
L1_DoubleMu3_SQ_ETMHF50_Jet60er2p5, Bool_t
L1_DoubleMu3_SQ_ETMHF50_Jet60er2p5_OR_DoubleJet40er2p5, Bool_t
L1_DoubleMu3_SQ_ETMHF60_Jet60er2p5, Bool_t
L1_DoubleMu3_SQ_HTT220er, Bool_t
L1_DoubleMu3_SQ_HTT240er, Bool_t
L1_DoubleMu3_SQ_HTT260er, Bool_t
L1_DoubleMu3_dR_Max1p6_Jet90er2p5_dR_Max0p8, Bool_t
L1_DoubleMu4_SQ_EG9er2p5, Bool_t
L1_DoubleMu4_SQ_OS, Bool_t
L1_DoubleMu4_SQ_OS_dR_Max1p2, Bool_t
L1_DoubleMu4p5_SQ_OS, Bool_t
L1_DoubleMu4p5_SQ_OS_dR_Max1p2, Bool_t
L1_DoubleMu4p5er2p0_SQ_OS, Bool_t
L1_DoubleMu4p5er2p0_SQ_OS_Mass7to18, Bool_t
L1_DoubleMu5Upsilon_OS_DoubleEG3, Bool_t
L1_DoubleMu5_SQ_EG9er2p5, Bool_t
L1_DoubleMu9_SQ, Bool_t
L1_DoubleMu_12_5, Bool_t
L1_DoubleMu_15_5_SQ, Bool_t
L1_DoubleMu_15_7, Bool_t
L1_DoubleMu_15_7_Mass_Min1, Bool_t
L1_DoubleMu_15_7_SQ, Bool_t
L1_DoubleTau70er2p1, Bool_t
L1_ETM120, Bool_t
L1_ETM150, Bool_t
L1_ETMHF100, Bool_t
L1_ETMHF100_HTT60er, Bool_t
L1_ETMHF110, Bool_t
L1_ETMHF110_HTT60er, Bool_t
L1_ETMHF110_HTT60er_NotSecondBunchInTrain, Bool_t
L1_ETMHF120, Bool_t
L1_ETMHF120_HTT60er, Bool_t
L1_ETMHF120_NotSecondBunchInTrain, Bool_t
L1_ETMHF130, Bool_t
L1_ETMHF130_HTT60er, Bool_t
L1_ETMHF140, Bool_t
L1_ETMHF150, Bool_t
L1_ETMHF90_HTT60er, Bool_t
L1_ETT1200, Bool_t
L1_ETT1600, Bool_t
L1_ETT2000, Bool_t
L1_FirstBunchAfterTrain, Bool_t
L1_FirstBunchBeforeTrain, Bool_t
L1_FirstBunchInTrain, Bool_t
L1_FirstCollisionInOrbit, Bool_t
L1_FirstCollisionInTrain, Bool_t
L1_HCAL_LaserMon_Trig, Bool_t
L1_HCAL_LaserMon_Veto, Bool_t
L1_HTT120er, Bool_t
L1_HTT160er, Bool_t
L1_HTT200er, Bool_t
L1_HTT255er, Bool_t
L1_HTT280er, Bool_t
L1_HTT280er_QuadJet_70_55_40_35_er2p4, Bool_t
L1_HTT320er, Bool_t
L1_HTT320er_QuadJet_70_55_40_40_er2p4, Bool_t
L1_HTT320er_QuadJet_80_60_er2p1_45_40_er2p3, Bool_t
L1_HTT320er_QuadJet_80_60_er2p1_50_45_er2p3, Bool_t
L1_HTT360er, Bool_t
L1_HTT400er, Bool_t
L1_HTT450er, Bool_t
L1_IsoEG32er2p5_Mt40, Bool_t
L1_IsoEG32er2p5_Mt44, Bool_t
L1_IsoEG32er2p5_Mt48, Bool_t
L1_IsoTau40er2p1_ETMHF100, Bool_t
L1_IsoTau40er2p1_ETMHF110, Bool_t
L1_IsoTau40er2p1_ETMHF120, Bool_t
L1_IsoTau40er2p1_ETMHF90, Bool_t
L1_IsolatedBunch, Bool_t
L1_LastBunchInTrain, Bool_t
L1_LastCollisionInTrain, Bool_t
L1_LooseIsoEG22er2p1_IsoTau26er2p1_dR_Min0p3, Bool_t
L1_LooseIsoEG22er2p1_Tau70er2p1_dR_Min0p3, Bool_t
L1_LooseIsoEG24er2p1_HTT100er, Bool_t
L1_LooseIsoEG24er2p1_IsoTau27er2p1_dR_Min0p3, Bool_t
L1_LooseIsoEG26er2p1_HTT100er, Bool_t
L1_LooseIsoEG26er2p1_Jet34er2p5_dR_Min0p3, Bool_t
L1_LooseIsoEG28er2p1_HTT100er, Bool_t
L1_LooseIsoEG28er2p1_Jet34er2p5_dR_Min0p3, Bool_t
L1_LooseIsoEG30er2p1_HTT100er, Bool_t
L1_LooseIsoEG30er2p1_Jet34er2p5_dR_Min0p3, Bool_t
L1_MinimumBiasHF0_AND_BptxAND, Bool_t
L1_Mu10er2p3_Jet32er2p3_dR_Max0p4_DoubleJet32er2p3_dEta_Max1p6, Bool_t
L1_Mu12er2p3_Jet40er2p1_dR_Max0p4_DoubleJet40er2p1_dEta_Max1p6, Bool_t
L1_Mu12er2p3_Jet40er2p3_dR_Max0p4_DoubleJet40er2p3_dEta_Max1p6, Bool_t
L1_Mu18er2p1_Tau24er2p1, Bool_t
L1_Mu18er2p1_Tau26er2p1, Bool_t
L1_Mu20_EG10er2p5, Bool_t
L1_Mu22er2p1_IsoTau32er2p1, Bool_t
L1_Mu22er2p1_IsoTau34er2p1, Bool_t
L1_Mu22er2p1_IsoTau36er2p1, Bool_t
L1_Mu22er2p1_IsoTau40er2p1, Bool_t
L1_Mu22er2p1_Tau70er2p1, Bool_t
L1_Mu3_Jet120er2p5_dR_Max0p4, Bool_t
L1_Mu3_Jet120er2p5_dR_Max0p8, Bool_t
L1_Mu3_Jet16er2p5_dR_Max0p4, Bool_t
L1_Mu3_Jet30er2p5, Bool_t
L1_Mu3_Jet35er2p5_dR_Max0p4, Bool_t
L1_Mu3_Jet60er2p5_dR_Max0p4, Bool_t
L1_Mu3_Jet80er2p5_dR_Max0p4, Bool_t
L1_Mu3er1p5_Jet100er2p5_ETMHF40, Bool_t
L1_Mu3er1p5_Jet100er2p5_ETMHF50, Bool_t
L1_Mu5_EG23er2p5, Bool_t
L1_Mu5_LooseIsoEG20er2p5, Bool_t
L1_Mu6_DoubleEG10er2p5, Bool_t
L1_Mu6_DoubleEG12er2p5, Bool_t
L1_Mu6_DoubleEG15er2p5, Bool_t
L1_Mu6_DoubleEG17er2p5, Bool_t
L1_Mu6_HTT240er, Bool_t
L1_Mu6_HTT250er, Bool_t
L1_Mu7_EG23er2p5, Bool_t
L1_Mu7_LooseIsoEG20er2p5, Bool_t
L1_Mu7_LooseIsoEG23er2p5, Bool_t
L1_NotBptxOR, Bool_t
L1_QuadJet36er2p5_IsoTau52er2p1, Bool_t
L1_QuadJet60er2p5, Bool_t
L1_QuadJet_95_75_65_20_DoubleJet_75_65_er2p5_Jet20_FWD3p0, Bool_t
L1_QuadMu0, Bool_t
L1_QuadMu0_OQ, Bool_t
L1_QuadMu0_SQ, Bool_t
L1_SecondBunchInTrain, Bool_t
L1_SecondLastBunchInTrain, Bool_t
L1_SingleEG10er2p5, Bool_t
L1_SingleEG15er2p5, Bool_t
L1_SingleEG26er2p5, Bool_t
L1_SingleEG34er2p5, Bool_t
L1_SingleEG36er2p5, Bool_t
L1_SingleEG38er2p5, Bool_t
L1_SingleEG40er2p5, Bool_t
L1_SingleEG42er2p5, Bool_t
L1_SingleEG45er2p5, Bool_t
L1_SingleEG50, Bool_t
L1_SingleEG60, Bool_t
L1_SingleEG8er2p5, Bool_t
L1_SingleIsoEG24er1p5, Bool_t
L1_SingleIsoEG24er2p1, Bool_t
L1_SingleIsoEG26er1p5, Bool_t
L1_SingleIsoEG26er2p1, Bool_t
L1_SingleIsoEG26er2p5, Bool_t
L1_SingleIsoEG28er1p5, Bool_t
L1_SingleIsoEG28er2p1, Bool_t
L1_SingleIsoEG28er2p5, Bool_t
L1_SingleIsoEG30er2p1, Bool_t
L1_SingleIsoEG30er2p5, Bool_t
L1_SingleIsoEG32er2p1, Bool_t
L1_SingleIsoEG32er2p5, Bool_t
L1_SingleIsoEG34er2p5, Bool_t
L1_SingleJet10erHE, Bool_t
L1_SingleJet120, Bool_t
L1_SingleJet120_FWD3p0, Bool_t
L1_SingleJet120er2p5, Bool_t
L1_SingleJet12erHE, Bool_t
L1_SingleJet140er2p5, Bool_t
L1_SingleJet140er2p5_ETMHF80, Bool_t
L1_SingleJet140er2p5_ETMHF90, Bool_t
L1_SingleJet160er2p5, Bool_t
L1_SingleJet180, Bool_t
L1_SingleJet180er2p5, Bool_t
L1_SingleJet200, Bool_t
L1_SingleJet20er2p5_NotBptxOR, Bool_t
L1_SingleJet20er2p5_NotBptxOR_3BX, Bool_t
L1_SingleJet35, Bool_t
L1_SingleJet35_FWD3p0, Bool_t
L1_SingleJet35er2p5, Bool_t
L1_SingleJet43er2p5_NotBptxOR_3BX, Bool_t
L1_SingleJet46er2p5_NotBptxOR_3BX, Bool_t
L1_SingleJet60, Bool_t
L1_SingleJet60_FWD3p0, Bool_t
L1_SingleJet60er2p5, Bool_t
L1_SingleJet8erHE, Bool_t
L1_SingleJet90, Bool_t
L1_SingleJet90_FWD3p0, Bool_t
L1_SingleJet90er2p5, Bool_t
L1_SingleLooseIsoEG28er1p5, Bool_t
L1_SingleLooseIsoEG30er1p5, Bool_t
L1_SingleMu0_BMTF, Bool_t
L1_SingleMu0_DQ, Bool_t
L1_SingleMu0_EMTF, Bool_t
L1_SingleMu0_OMTF, Bool_t
L1_SingleMu10er1p5, Bool_t
L1_SingleMu12_DQ_BMTF, Bool_t
L1_SingleMu12_DQ_EMTF, Bool_t
L1_SingleMu12_DQ_OMTF, Bool_t
L1_SingleMu12er1p5, Bool_t
L1_SingleMu14er1p5, Bool_t
L1_SingleMu15_DQ, Bool_t
L1_SingleMu16er1p5, Bool_t
L1_SingleMu18, Bool_t
L1_SingleMu18er1p5, Bool_t
L1_SingleMu20, Bool_t
L1_SingleMu22, Bool_t
L1_SingleMu22_BMTF, Bool_t
L1_SingleMu22_EMTF, Bool_t
L1_SingleMu22_OMTF, Bool_t
L1_SingleMu25, Bool_t
L1_SingleMu3, Bool_t
L1_SingleMu5, Bool_t
L1_SingleMu6er1p5, Bool_t
L1_SingleMu7, Bool_t
L1_SingleMu7_DQ, Bool_t
L1_SingleMu7er1p5, Bool_t
L1_SingleMu8er1p5, Bool_t
L1_SingleMu9er1p5, Bool_t
L1_SingleMuCosmics, Bool_t
L1_SingleMuCosmics_BMTF, Bool_t
L1_SingleMuCosmics_EMTF, Bool_t
L1_SingleMuCosmics_OMTF, Bool_t
L1_SingleMuOpen, Bool_t
L1_SingleMuOpen_NotBptxOR, Bool_t
L1_SingleMuOpen_er1p1_NotBptxOR_3BX, Bool_t
L1_SingleMuOpen_er1p4_NotBptxOR_3BX, Bool_t
L1_SingleTau120er2p1, Bool_t
L1_SingleTau130er2p1, Bool_t
L1_TOTEM_1, Bool_t
L1_TOTEM_2, Bool_t
L1_TOTEM_3, Bool_t
L1_TOTEM_4, Bool_t
L1_TripleEG16er2p5, Bool_t
L1_TripleEG_16_12_8_er2p5, Bool_t
L1_TripleEG_16_15_8_er2p5, Bool_t
L1_TripleEG_18_17_8_er2p5, Bool_t
L1_TripleEG_18_18_12_er2p5, Bool_t
L1_TripleJet_100_80_70_DoubleJet_80_70_er2p5, Bool_t
L1_TripleJet_105_85_75_DoubleJet_85_75_er2p5, Bool_t
L1_TripleJet_95_75_65_DoubleJet_75_65_er2p5, Bool_t
L1_TripleMu0, Bool_t
L1_TripleMu0_OQ, Bool_t
L1_TripleMu0_SQ, Bool_t
L1_TripleMu3, Bool_t
L1_TripleMu3_SQ, Bool_t
L1_TripleMu_5SQ_3SQ_0OQ, Bool_t
L1_TripleMu_5SQ_3SQ_0OQ_DoubleMu_5_3_SQ_OS_Mass_Max9, Bool_t
L1_TripleMu_5SQ_3SQ_0_DoubleMu_5_3_SQ_OS_Mass_Max9, Bool_t
L1_TripleMu_5_3_3, Bool_t
L1_TripleMu_5_3_3_SQ, Bool_t
L1_TripleMu_5_3p5_2p5, Bool_t
L1_TripleMu_5_3p5_2p5_DoubleMu_5_2p5_OS_Mass_5to17, Bool_t
L1_TripleMu_5_3p5_2p5_OQ_DoubleMu_5_2p5_OQ_OS_Mass_5to17, Bool_t
L1_TripleMu_5_4_2p5_DoubleMu_5_2p5_OS_Mass_5to17, Bool_t
L1_TripleMu_5_5_3, Bool_t
L1_UnpairedBunchBptxMinus, Bool_t
L1_UnpairedBunchBptxPlus, Bool_t
L1_UnprefireableEvent, Bool_t
L1_ZeroBias, Bool_t
L1_ZeroBias_copy, Bool_t
L1simulation_step, Bool_t
LHEPart_eta, ROOT::VecOps::RVec<Float_t>
LHEPart_incomingpz, ROOT::VecOps::RVec<Float_t>
LHEPart_mass, ROOT::VecOps::RVec<Float_t>
LHEPart_pdgId, ROOT::VecOps::RVec<Int_t>
LHEPart_phi, ROOT::VecOps::RVec<Float_t>
LHEPart_pt, ROOT::VecOps::RVec<Float_t>
LHEPart_spin, ROOT::VecOps::RVec<Int_t>
LHEPart_status, ROOT::VecOps::RVec<Int_t>
LHEPdfWeight, ROOT::VecOps::RVec<Float_t>
LHEReweightingWeight, ROOT::VecOps::RVec<Float_t>
LHEScaleWeight, ROOT::VecOps::RVec<Float_t>
LHEWeight_originalXWGTUP, Float_t
LHE_AlphaS, Float_t
LHE_HT, Float_t
LHE_HTIncoming, Float_t
LHE_Nb, UChar_t
LHE_Nc, UChar_t
LHE_Nglu, UChar_t
LHE_Njets, UChar_t
LHE_NpLO, UChar_t
LHE_NpNLO, UChar_t
LHE_Nuds, UChar_t
LHE_Vpt, Float_t
LowPtElectron_ID, ROOT::VecOps::RVec<Float_t>
LowPtElectron_charge, ROOT::VecOps::RVec<Int_t>
LowPtElectron_convVeto, ROOT::VecOps::RVec<Bool_t>
LowPtElectron_convVtxRadius, ROOT::VecOps::RVec<Float_t>
LowPtElectron_convWP, ROOT::VecOps::RVec<Int_t>
LowPtElectron_deltaEtaSC, ROOT::VecOps::RVec<Float_t>
LowPtElectron_dxy, ROOT::VecOps::RVec<Float_t>
LowPtElectron_dxyErr, ROOT::VecOps::RVec<Float_t>
LowPtElectron_dz, ROOT::VecOps::RVec<Float_t>
LowPtElectron_dzErr, ROOT::VecOps::RVec<Float_t>
LowPtElectron_eInvMinusPInv, ROOT::VecOps::RVec<Float_t>
LowPtElectron_embeddedID, ROOT::VecOps::RVec<Float_t>
LowPtElectron_energyErr, ROOT::VecOps::RVec<Float_t>
LowPtElectron_eta, ROOT::VecOps::RVec<Float_t>
LowPtElectron_genPartFlav, ROOT::VecOps::RVec<UChar_t>
LowPtElectron_genPartIdx, ROOT::VecOps::RVec<Int_t>
LowPtElectron_hoe, ROOT::VecOps::RVec<Float_t>
LowPtElectron_lostHits, ROOT::VecOps::RVec<UChar_t>
LowPtElectron_mass, ROOT::VecOps::RVec<Float_t>
LowPtElectron_miniPFRelIso_all, ROOT::VecOps::RVec<Float_t>
LowPtElectron_miniPFRelIso_chg, ROOT::VecOps::RVec<Float_t>
LowPtElectron_pdgId, ROOT::VecOps::RVec<Int_t>
LowPtElectron_phi, ROOT::VecOps::RVec<Float_t>
LowPtElectron_pt, ROOT::VecOps::RVec<Float_t>
LowPtElectron_ptbiased, ROOT::VecOps::RVec<Float_t>
LowPtElectron_r9, ROOT::VecOps::RVec<Float_t>
LowPtElectron_scEtOverPt, ROOT::VecOps::RVec<Float_t>
LowPtElectron_sieie, ROOT::VecOps::RVec<Float_t>
LowPtElectron_unbiased, ROOT::VecOps::RVec<Float_t>
MET_MetUnclustEnUpDeltaX, Float_t
MET_MetUnclustEnUpDeltaY, Float_t
MET_covXX, Float_t
MET_covXY, Float_t
MET_covYY, Float_t
MET_fiducialGenPhi, Float_t
MET_fiducialGenPt, Float_t
MET_phi, Float_t
MET_pt, Float_t
MET_significance, Float_t
MET_sumEt, Float_t
MET_sumPtUnclustered, Float_t
Muon_charge, ROOT::VecOps::RVec<Int_t>
Muon_cleanmask, ROOT::VecOps::RVec<UChar_t>
Muon_dxy, ROOT::VecOps::RVec<Float_t>
Muon_dxyErr, ROOT::VecOps::RVec<Float_t>
Muon_dxybs, ROOT::VecOps::RVec<Float_t>
Muon_dz, ROOT::VecOps::RVec<Float_t>
Muon_dzErr, ROOT::VecOps::RVec<Float_t>
Muon_eta, ROOT::VecOps::RVec<Float_t>
Muon_fsrPhotonIdx, ROOT::VecOps::RVec<Int_t>
Muon_genPartFlav, ROOT::VecOps::RVec<UChar_t>
Muon_genPartIdx, ROOT::VecOps::RVec<Int_t>
Muon_highPtId, ROOT::VecOps::RVec<UChar_t>
Muon_highPurity, ROOT::VecOps::RVec<Bool_t>
Muon_inTimeMuon, ROOT::VecOps::RVec<Bool_t>
Muon_ip3d, ROOT::VecOps::RVec<Float_t>
Muon_isGlobal, ROOT::VecOps::RVec<Bool_t>
Muon_isPFcand, ROOT::VecOps::RVec<Bool_t>
Muon_isStandalone, ROOT::VecOps::RVec<Bool_t>
Muon_isTracker, ROOT::VecOps::RVec<Bool_t>
Muon_jetIdx, ROOT::VecOps::RVec<Int_t>
Muon_jetNDauCharged, ROOT::VecOps::RVec<UChar_t>
Muon_jetPtRelv2, ROOT::VecOps::RVec<Float_t>
Muon_jetRelIso, ROOT::VecOps::RVec<Float_t>
Muon_looseId, ROOT::VecOps::RVec<Bool_t>
Muon_mass, ROOT::VecOps::RVec<Float_t>
Muon_mediumId, ROOT::VecOps::RVec<Bool_t>
Muon_mediumPromptId, ROOT::VecOps::RVec<Bool_t>
Muon_miniIsoId, ROOT::VecOps::RVec<UChar_t>
Muon_miniPFRelIso_all, ROOT::VecOps::RVec<Float_t>
Muon_miniPFRelIso_chg, ROOT::VecOps::RVec<Float_t>
Muon_multiIsoId, ROOT::VecOps::RVec<UChar_t>
Muon_mvaId, ROOT::VecOps::RVec<UChar_t>
Muon_mvaLowPt, ROOT::VecOps::RVec<Float_t>
Muon_mvaLowPtId, ROOT::VecOps::RVec<UChar_t>
Muon_mvaTTH, ROOT::VecOps::RVec<Float_t>
Muon_nStations, ROOT::VecOps::RVec<Int_t>
Muon_nTrackerLayers, ROOT::VecOps::RVec<Int_t>
Muon_pdgId, ROOT::VecOps::RVec<Int_t>
Muon_pfIsoId, ROOT::VecOps::RVec<UChar_t>
Muon_pfRelIso03_all, ROOT::VecOps::RVec<Float_t>
Muon_pfRelIso03_chg, ROOT::VecOps::RVec<Float_t>
Muon_pfRelIso04_all, ROOT::VecOps::RVec<Float_t>
Muon_phi, ROOT::VecOps::RVec<Float_t>
Muon_pt, ROOT::VecOps::RVec<Float_t>
Muon_ptErr, ROOT::VecOps::RVec<Float_t>
Muon_puppiIsoId, ROOT::VecOps::RVec<UChar_t>
Muon_segmentComp, ROOT::VecOps::RVec<Float_t>
Muon_sip3d, ROOT::VecOps::RVec<Float_t>
Muon_softId, ROOT::VecOps::RVec<Bool_t>
Muon_softMva, ROOT::VecOps::RVec<Float_t>
Muon_softMvaId, ROOT::VecOps::RVec<Bool_t>
Muon_tightCharge, ROOT::VecOps::RVec<Int_t>
Muon_tightId, ROOT::VecOps::RVec<Bool_t>
Muon_tkIsoId, ROOT::VecOps::RVec<UChar_t>
Muon_tkRelIso, ROOT::VecOps::RVec<Float_t>
Muon_triggerIdLoose, ROOT::VecOps::RVec<Bool_t>
Muon_tunepRelPt, ROOT::VecOps::RVec<Float_t>
OtherPV_z, ROOT::VecOps::RVec<Float_t>
PSWeight, ROOT::VecOps::RVec<Float_t>
PV_chi2, Float_t
PV_ndof, Float_t
PV_npvs, Int_t
PV_npvsGood, Int_t
PV_score, Float_t
PV_x, Float_t
PV_y, Float_t
PV_z, Float_t
Photon_charge, ROOT::VecOps::RVec<Int_t>
Photon_cleanmask, ROOT::VecOps::RVec<UChar_t>
Photon_cutBased, ROOT::VecOps::RVec<Int_t>
Photon_cutBased_Fall17V1Bitmap, ROOT::VecOps::RVec<Int_t>
Photon_dEscaleDown, ROOT::VecOps::RVec<Float_t>
Photon_dEscaleUp, ROOT::VecOps::RVec<Float_t>
Photon_dEsigmaDown, ROOT::VecOps::RVec<Float_t>
Photon_dEsigmaUp, ROOT::VecOps::RVec<Float_t>
Photon_eCorr, ROOT::VecOps::RVec<Float_t>
Photon_electronIdx, ROOT::VecOps::RVec<Int_t>
Photon_electronVeto, ROOT::VecOps::RVec<Bool_t>
Photon_energyErr, ROOT::VecOps::RVec<Float_t>
Photon_eta, ROOT::VecOps::RVec<Float_t>
Photon_genPartFlav, ROOT::VecOps::RVec<UChar_t>
Photon_genPartIdx, ROOT::VecOps::RVec<Int_t>
Photon_hoe, ROOT::VecOps::RVec<Float_t>
Photon_isScEtaEB, ROOT::VecOps::RVec<Bool_t>
Photon_isScEtaEE, ROOT::VecOps::RVec<Bool_t>
Photon_jetIdx, ROOT::VecOps::RVec<Int_t>
Photon_mass, ROOT::VecOps::RVec<Float_t>
Photon_mvaID, ROOT::VecOps::RVec<Float_t>
Photon_mvaID_Fall17V1p1, ROOT::VecOps::RVec<Float_t>
Photon_mvaID_WP80, ROOT::VecOps::RVec<Bool_t>
Photon_mvaID_WP90, ROOT::VecOps::RVec<Bool_t>
Photon_pdgId, ROOT::VecOps::RVec<Int_t>
Photon_pfRelIso03_all, ROOT::VecOps::RVec<Float_t>
Photon_pfRelIso03_chg, ROOT::VecOps::RVec<Float_t>
Photon_phi, ROOT::VecOps::RVec<Float_t>
Photon_pixelSeed, ROOT::VecOps::RVec<Bool_t>
Photon_pt, ROOT::VecOps::RVec<Float_t>
Photon_r9, ROOT::VecOps::RVec<Float_t>
Photon_seedGain, ROOT::VecOps::RVec<UChar_t>
Photon_sieie, ROOT::VecOps::RVec<Float_t>
Photon_vidNestedWPBitmap, ROOT::VecOps::RVec<Int_t>
Pileup_gpudensity, Float_t
Pileup_nPU, Int_t
Pileup_nTrueInt, Float_t
Pileup_pudensity, Float_t
Pileup_sumEOOT, Int_t
Pileup_sumLOOT, Int_t
PuppiMET_phi, Float_t
PuppiMET_phiJERDown, Float_t
PuppiMET_phiJERUp, Float_t
PuppiMET_phiJESDown, Float_t
PuppiMET_phiJESUp, Float_t
PuppiMET_phiUnclusteredDown, Float_t
PuppiMET_phiUnclusteredUp, Float_t
PuppiMET_pt, Float_t
PuppiMET_ptJERDown, Float_t
PuppiMET_ptJERUp, Float_t
PuppiMET_ptJESDown, Float_t
PuppiMET_ptJESUp, Float_t
PuppiMET_ptUnclusteredDown, Float_t
PuppiMET_ptUnclusteredUp, Float_t
PuppiMET_sumEt, Float_t
RawMET_phi, Float_t
RawMET_pt, Float_t
RawMET_sumEt, Float_t
RawPuppiMET_phi, Float_t
RawPuppiMET_pt, Float_t
RawPuppiMET_sumEt, Float_t
SV_charge, ROOT::VecOps::RVec<Int_t>
SV_chi2, ROOT::VecOps::RVec<Float_t>
SV_dlen, ROOT::VecOps::RVec<Float_t>
SV_dlenSig, ROOT::VecOps::RVec<Float_t>
SV_dxy, ROOT::VecOps::RVec<Float_t>
SV_dxySig, ROOT::VecOps::RVec<Float_t>
SV_eta, ROOT::VecOps::RVec<Float_t>
SV_mass, ROOT::VecOps::RVec<Float_t>
SV_ndof, ROOT::VecOps::RVec<Float_t>
SV_ntracks, ROOT::VecOps::RVec<UChar_t>
SV_pAngle, ROOT::VecOps::RVec<Float_t>
SV_phi, ROOT::VecOps::RVec<Float_t>
SV_pt, ROOT::VecOps::RVec<Float_t>
SV_x, ROOT::VecOps::RVec<Float_t>
SV_y, ROOT::VecOps::RVec<Float_t>
SV_z, ROOT::VecOps::RVec<Float_t>
SoftActivityJetHT, Float_t
SoftActivityJetHT10, Float_t
SoftActivityJetHT2, Float_t
SoftActivityJetHT5, Float_t
SoftActivityJetNjets10, Int_t
SoftActivityJetNjets2, Int_t
SoftActivityJetNjets5, Int_t
SoftActivityJet_eta, ROOT::VecOps::RVec<Float_t>
SoftActivityJet_phi, ROOT::VecOps::RVec<Float_t>
SoftActivityJet_pt, ROOT::VecOps::RVec<Float_t>
SubGenJetAK8_eta, ROOT::VecOps::RVec<Float_t>
SubGenJetAK8_mass, ROOT::VecOps::RVec<Float_t>
SubGenJetAK8_phi, ROOT::VecOps::RVec<Float_t>
SubGenJetAK8_pt, ROOT::VecOps::RVec<Float_t>
SubJet_btagCSVV2, ROOT::VecOps::RVec<Float_t>
SubJet_btagDeepB, ROOT::VecOps::RVec<Float_t>
SubJet_eta, ROOT::VecOps::RVec<Float_t>
SubJet_hadronFlavour, ROOT::VecOps::RVec<Int_t>
SubJet_mass, ROOT::VecOps::RVec<Float_t>
SubJet_n2b1, ROOT::VecOps::RVec<Float_t>
SubJet_n3b1, ROOT::VecOps::RVec<Float_t>
SubJet_nBHadrons, ROOT::VecOps::RVec<UChar_t>
SubJet_nCHadrons, ROOT::VecOps::RVec<UChar_t>
SubJet_phi, ROOT::VecOps::RVec<Float_t>
SubJet_pt, ROOT::VecOps::RVec<Float_t>
SubJet_rawFactor, ROOT::VecOps::RVec<Float_t>
SubJet_tau1, ROOT::VecOps::RVec<Float_t>
SubJet_tau2, ROOT::VecOps::RVec<Float_t>
SubJet_tau3, ROOT::VecOps::RVec<Float_t>
SubJet_tau4, ROOT::VecOps::RVec<Float_t>
Tau_charge, ROOT::VecOps::RVec<Int_t>
Tau_chargedIso, ROOT::VecOps::RVec<Float_t>
Tau_cleanmask, ROOT::VecOps::RVec<UChar_t>
Tau_decayMode, ROOT::VecOps::RVec<Int_t>
Tau_dxy, ROOT::VecOps::RVec<Float_t>
Tau_dz, ROOT::VecOps::RVec<Float_t>
Tau_eta, ROOT::VecOps::RVec<Float_t>
Tau_genPartFlav, ROOT::VecOps::RVec<UChar_t>
Tau_genPartIdx, ROOT::VecOps::RVec<Int_t>
Tau_idAntiEleDeadECal, ROOT::VecOps::RVec<Bool_t>
Tau_idAntiMu, ROOT::VecOps::RVec<UChar_t>
Tau_idDecayModeOldDMs, ROOT::VecOps::RVec<Bool_t>
Tau_idDeepTau2017v2p1VSe, ROOT::VecOps::RVec<UChar_t>
Tau_idDeepTau2017v2p1VSjet, ROOT::VecOps::RVec<UChar_t>
Tau_idDeepTau2017v2p1VSmu, ROOT::VecOps::RVec<UChar_t>
Tau_jetIdx, ROOT::VecOps::RVec<Int_t>
Tau_leadTkDeltaEta, ROOT::VecOps::RVec<Float_t>
Tau_leadTkDeltaPhi, ROOT::VecOps::RVec<Float_t>
Tau_leadTkPtOverTauPt, ROOT::VecOps::RVec<Float_t>
Tau_mass, ROOT::VecOps::RVec<Float_t>
Tau_neutralIso, ROOT::VecOps::RVec<Float_t>
Tau_phi, ROOT::VecOps::RVec<Float_t>
Tau_photonsOutsideSignalCone, ROOT::VecOps::RVec<Float_t>
Tau_pt, ROOT::VecOps::RVec<Float_t>
Tau_puCorr, ROOT::VecOps::RVec<Float_t>
Tau_rawDeepTau2017v2p1VSe, ROOT::VecOps::RVec<Float_t>
Tau_rawDeepTau2017v2p1VSjet, ROOT::VecOps::RVec<Float_t>
Tau_rawDeepTau2017v2p1VSmu, ROOT::VecOps::RVec<Float_t>
Tau_rawIso, ROOT::VecOps::RVec<Float_t>
Tau_rawIsodR03, ROOT::VecOps::RVec<Float_t>
TkMET_phi, Float_t
TkMET_pt, Float_t
TkMET_sumEt, Float_t
TrigObj_eta, ROOT::VecOps::RVec<Float_t>
TrigObj_filterBits, ROOT::VecOps::RVec<Int_t>
TrigObj_id, ROOT::VecOps::RVec<Int_t>
TrigObj_l1charge, ROOT::VecOps::RVec<Int_t>
TrigObj_l1iso, ROOT::VecOps::RVec<Int_t>
TrigObj_l1pt, ROOT::VecOps::RVec<Float_t>
TrigObj_l1pt_2, ROOT::VecOps::RVec<Float_t>
TrigObj_l2pt, ROOT::VecOps::RVec<Float_t>
TrigObj_phi, ROOT::VecOps::RVec<Float_t>
TrigObj_pt, ROOT::VecOps::RVec<Float_t>
boostedTau_charge, ROOT::VecOps::RVec<Int_t>
boostedTau_chargedIso, ROOT::VecOps::RVec<Float_t>
boostedTau_decayMode, ROOT::VecOps::RVec<Int_t>
boostedTau_eta, ROOT::VecOps::RVec<Float_t>
boostedTau_genPartFlav, ROOT::VecOps::RVec<UChar_t>
boostedTau_genPartIdx, ROOT::VecOps::RVec<Int_t>
boostedTau_idAntiEle2018, ROOT::VecOps::RVec<UChar_t>
boostedTau_idAntiMu, ROOT::VecOps::RVec<UChar_t>
boostedTau_idMVAnewDM2017v2, ROOT::VecOps::RVec<UChar_t>
boostedTau_idMVAoldDM2017v2, ROOT::VecOps::RVec<UChar_t>
boostedTau_idMVAoldDMdR032017v2, ROOT::VecOps::RVec<UChar_t>
boostedTau_jetIdx, ROOT::VecOps::RVec<Int_t>
boostedTau_leadTkDeltaEta, ROOT::VecOps::RVec<Float_t>
boostedTau_leadTkDeltaPhi, ROOT::VecOps::RVec<Float_t>
boostedTau_leadTkPtOverTauPt, ROOT::VecOps::RVec<Float_t>
boostedTau_mass, ROOT::VecOps::RVec<Float_t>
boostedTau_neutralIso, ROOT::VecOps::RVec<Float_t>
boostedTau_phi, ROOT::VecOps::RVec<Float_t>
boostedTau_photonsOutsideSignalCone, ROOT::VecOps::RVec<Float_t>
boostedTau_pt, ROOT::VecOps::RVec<Float_t>
boostedTau_puCorr, ROOT::VecOps::RVec<Float_t>
boostedTau_rawAntiEle2018, ROOT::VecOps::RVec<Float_t>
boostedTau_rawAntiEleCat2018, ROOT::VecOps::RVec<Int_t>
boostedTau_rawIso, ROOT::VecOps::RVec<Float_t>
boostedTau_rawIsodR03, ROOT::VecOps::RVec<Float_t>
boostedTau_rawMVAnewDM2017v2, ROOT::VecOps::RVec<Float_t>
boostedTau_rawMVAoldDM2017v2, ROOT::VecOps::RVec<Float_t>
boostedTau_rawMVAoldDMdR032017v2, ROOT::VecOps::RVec<Float_t>
btagWeight_CSVV2, Float_t
btagWeight_DeepCSVB, Float_t
event, ULong64_t
fixedGridRhoFastjetAll, Float_t
fixedGridRhoFastjetCentral, Float_t
fixedGridRhoFastjetCentralCalo, Float_t
fixedGridRhoFastjetCentralChargedPileUp, Float_t
fixedGridRhoFastjetCentralNeutral, Float_t
genTtbarId, Int_t
genWeight, Float_t
luminosityBlock, UInt_t
nCorrT1METJet, UInt_t
nElectron, UInt_t
nFatJet, UInt_t
nFsrPhoton, UInt_t
nGenDressedLepton, UInt_t
nGenIsolatedPhoton, UInt_t
nGenJet, UInt_t
nGenJetAK8, UInt_t
nGenPart, UInt_t
nGenVisTau, UInt_t
nIsoTrack, UInt_t
nJet, UInt_t
nLHEPart, UInt_t
nLHEPdfWeight, UInt_t
nLHEReweightingWeight, UInt_t
nLHEScaleWeight, UInt_t
nLowPtElectron, UInt_t
nMuon, UInt_t
nOtherPV, UInt_t
nPSWeight, UInt_t
nPhoton, UInt_t
nSV, UInt_t
nSoftActivityJet, UInt_t
nSubGenJetAK8, UInt_t
nSubJet, UInt_t
nTau, UInt_t
nTrigObj, UInt_t
nboostedTau, UInt_t
run, UInt_t
